ℹ Loading gcamreport
처리 시작: KAIST_9_ref_u0909
Project does not exists. Creating project...
Database scenarios:  KAIST_9_ref_u0909
Start reading queries for KAIST_9_ref_u0909 scenario
Read GDP MER by region query
About to perform query: collection()/scenario
About to perform query: collection()/scenario[ (@name='KAIST_9_ref_u0909' and @date='2026-30-9T22:55:47+09:00') ]/world/region/nationalAccount/account[@name = 'GDP']/node()
In Function: 1790860968276
After Function: 1790860969734
Scenario KAIST_9_ref_u0909 does not exist in this project.  Creating.
Read GDP per capita PPP by region query
About to perform query: collection()/scenario
About to perform query: collection()/scenario[ (@name='KAIST_9_ref_u0909' and @date='2026-30-9T22:55:47+09:00') ]/world/region/nationalAccount/account[@name = 'gdp-per-capita-ppp']/node()
In Function: 1790860970463
After Function: 1790860970621
Scenario KAIST_9_ref_u0909 does not exist in this project.  Creating.
Read National Account query
Didn't find builder for National Account query going to use defaults
About to perform query: collection()/scenario
About to perform query: collection()/scenario[ (@name='KAIST_9_ref_u0909' and @date='2026-30-9T22:55:47+09:00') ]/world/region/nationalAccount[@year>1975]/account/node()
In Function: 1790860971359
After Function: 1790860971574
Scenario KAIST_9_ref_u0909 does not exist in this project.  Creating.
Read building service costs query
About to perform query: collection()/scenario
About to perform query: collection()/scenario[ (@name='KAIST_9_ref_u0909' and @date='2026-30-9T22:55:47+09:00') ]/world/region/*[@type='sector' and (@name='building' or (exists(child::keyword[@final-energy='building'])))]/ cost/text()
In Function: 1790860972620
After Function: 1790860976115
Scenario KAIST_9_ref_u0909 does not exist in this project.  Creating.
Read building service output by service query
About to perform query: collection()/scenario
About to perform query: collection()/scenario[ (@name='KAIST_9_ref_u0909' and @date='2026-30-9T22:55:47+09:00') ]/world/region/*[@type='sector' and (@name='building' or (exists(child::keyword[@final-energy='building'])))]// output-primary[@type='output' (:collapse:)]/ physical-output/node()
In Function: 1790860977214
After Function: 1790860978328
Scenario KAIST_9_ref_u0909 does not exist in this project.  Creating.
Read building total final energy by service query
About to perform query: collection()/scenario
About to perform query: collection()/scenario[ (@name='KAIST_9_ref_u0909' and @date='2026-30-9T22:55:47+09:00') ]/world/region/*[@type='sector' and (@name='building' or (exists(child::keyword[@final-energy='building'])))]// *[@type='input' (:collapse:)]/demand-physical/node()
In Function: 1790860979330
After Function: 1790860980523
Scenario KAIST_9_ref_u0909 does not exist in this project.  Creating.
Read costs of transport modes query
About to perform query: collection()/scenario
About to perform query: collection()/scenario[ (@name='KAIST_9_ref_u0909' and @date='2026-30-9T22:55:47+09:00') ]/world/region/*[@type='sector' and (@name='transportation' or (exists(child::keyword[@final-energy='transportation'])))]/ *[@type='subsector']/cost/text()
In Function: 1790860981606
After Function: 1790860982249
Scenario KAIST_9_ref_u0909 does not exist in this project.  Creating.
Read food demand query
About to perform query: collection()/scenario
About to perform query: collection()/scenario[ (@name='KAIST_9_ref_u0909' and @date='2026-30-9T22:55:47+09:00') ]/world/region/gcam-consumer[@name='FoodDemand']//*[@type='input']/demand-physical/node()
In Function: 1790860983072
After Function: 1790860983237
Scenario KAIST_9_ref_u0909 does not exist in this project.  Creating.
Read food demand prices query
About to perform query: collection()/scenario
About to perform query: collection()/scenario[ (@name='KAIST_9_ref_u0909' and @date='2026-30-9T22:55:47+09:00') ]/world/region/gcam-consumer[@name='FoodDemand']//*[@type='input']/price-paid/node()
In Function: 1790860983989
After Function: 1790860984107
Scenario KAIST_9_ref_u0909 does not exist in this project.  Creating.
Read food consumption by type (general) query
About to perform query: collection()/scenario
About to perform query: collection()/scenario[ (@name='KAIST_9_ref_u0909' and @date='2026-30-9T22:55:47+09:00') ]/world/region/*[@type='sector' and (@name='FoodDemand_Staples' or @name='FoodDemand_NonStaples')]// *[@type='output']/physical-output/node()
In Function: 1790860984853
After Function: 1790860985340
Scenario KAIST_9_ref_u0909 does not exist in this project.  Creating.
Read food consumption by type (specific) query
About to perform query: collection()/scenario
About to perform query: collection()/scenario[ (@name='KAIST_9_ref_u0909' and @date='2026-30-9T22:55:47+09:00') ]/world/region/*[@type='sector' (:collapse:) and (@name='FoodDemand_Staples' or @name='FoodDemand_NonStaples' or @name='FoodDemand_NonStaples_Oils' or @name='FoodDemand_NonStaples_FruitsVeg' or @name='FoodDemand_NonStaples_PlantProtein' or @name='FoodDemand_NonStaples_Sugar' or @name='FoodDemand_NonStaples_OtherCrop' or @name='FoodDemand_NonStaples_Ruminant' or @name='FoodDemand_NonStaples_NonRuminant' or @name='FoodDemand_NonStaples_Dairy' or @name='FoodDemand_NonStaples_Fish')]// *[@type='subsector']//*[@type='technology']/ *[@type='output' (:collapse:)]/physical-output/node()
In Function: 1790860986141
After Function: 1790860986565
Scenario KAIST_9_ref_u0909 does not exist in this project.  Creating.
Read population by region query
About to perform query: collection()/scenario
About to perform query: collection()/scenario[ (@name='KAIST_9_ref_u0909' and @date='2026-30-9T22:55:47+09:00') ]/world/region/demographics/populationMiniCAM/total-population/node()
In Function: 1790860987453
After Function: 1790860987548
Scenario KAIST_9_ref_u0909 does not exist in this project.  Creating.
Read subregional population query
About to perform query: collection()/scenario
About to perform query: collection()/scenario[ (@name='KAIST_9_ref_u0909' and @date='2026-30-9T22:55:47+09:00') ]/world/region/gcam-consumer/subregional-population/node()
In Function: 1790860988324
After Function: 1790860988519
Scenario KAIST_9_ref_u0909 does not exist in this project.  Creating.
Read subregional income query
About to perform query: collection()/scenario
About to perform query: collection()/scenario[ (@name='KAIST_9_ref_u0909' and @date='2026-30-9T22:55:47+09:00') ]/world/region/gcam-consumer/subregional-percapita-income/node()
In Function: 1790860989299
After Function: 1790860989445
Scenario KAIST_9_ref_u0909 does not exist in this project.  Creating.
Read primary energy consumption with CCS by region (direct equivalent) query
About to perform query: collection()/scenario
About to perform query:  declare function local:append-heirarchy($parent as node(), $append as node()*) as node() { let $scn := $parent/ancestor::scenario, $rgn := $parent (: /ancestor::region :) return document { element scenario { $scn/@*, element region { $rgn/@*, $append } } } (: I can get by with just the scenario and region let $new_node := element {local-name($parent)} {$parent/@*, $append} return if(local-name($parent) != 'scenario') then local:append-heirarchy($parent/parent::*, $new_node) else document { $new_node } :) }; declare function local:generate-sector-input-coefs($outputNameQueue as xs:string*, $currTree as node(), $coefs as node()*, $is_usa as xs:boolean) as node()* { if(empty($outputNameQueue)) then $coefs else if( exists($coefs[@name = $outputNameQueue[1]]) or exists(index-of(('biomass','traded oil', 'traded coal', 'traded natural gas', 'traded Afr_MidE pipeline gas', 'traded LA pipeline gas', 'traded PAC pipeline gas', 'traded N.Amer pipeline gas', 'traded RUS pipeline gas', 'traded EUR pipeline gas', 'traded LNG', 'regional corn for ethanol', 'regional biomassOil', 'regional sugar for ethanol', 'regional sugarbeet for ethanol', 'regional woodpulp for energy'),$outputNameQueue[1])) or not($currTree/*[@type='sector' and @name=$outputNameQueue[1]]))then(:if(not($is_usa) and string-length($currTree/@name) = 2) thenlocal:trace-inputs($outputName, $currTree/parent::*/*[@type='region' and @name='USA'], $outputs, true())else:)local:generate-sector-input-coefs(remove($outputNameQueue, 1), $currTree, $coefs, $is_usa) else let $outputName := $outputNameQueue[1], $newOutputNameQueue := remove($outputNameQueue, 1), $useOutputs := $currTree//output-primary[@type='output' and @name=$outputName], $useInputs := for $out in $useOutputs[not(following-sibling::keyword[exists(@primary-renewable)])] return $out/following-sibling::*[@type='input' and not(@name='oil-credits') and not(starts-with(@name, 'water_td'))], $renewOutputs := for $out in $useOutputs[following-sibling::keyword[exists(@primary-renewable)]] return element output { attribute name { $out/following-sibling::keyword/@primary-renewable }, $out/child::* }, $totalOutputSum := for $vintage in distinct-values($useOutputs/physical-output/@vintage) return element output { attribute vintage { $vintage }, text { sum($useOutputs/physical-output[@vintage=$vintage]) } }, $new_coefs := $coefs | element sector { attribute name { $outputName }, for $input in distinct-values($useInputs/@name) return element input { attribute name { $input }, for $outputSum in $totalOutputSum let $inputSum := sum($useInputs[@name=$input]/demand-physical[@vintage=$outputSum/@vintage]) where $inputSum > 0 return element coef { attribute vintage { $outputSum/@vintage }, text { $inputSum div $outputSum } } }, for $input in distinct-values($renewOutputs/@name) return element input { attribute name { concat($input, ' renewable') }, attribute is-renewable { true() }, for $outputSum in $totalOutputSum let $inputSum := sum($renewOutputs[@name=$input]/physical-output[@vintage=$outputSum/@vintage]) where $inputSum > 0 return element coef { attribute vintage { $outputSum/@vintage }, text { $inputSum div $outputSum } } } } return local:generate-sector-input-coefs(distinct-values(($newOutputNameQueue, $useInputs/@name)), $currTree, $new_coefs, $is_usa)}; declare function local:generate-ccs-coefs($currTree as node(), $coefs as node()*) as node()* { for $sector in $coefs/@name let $currSector := $currTree/*[@type='sector' and @name=$sector], $useInputs := $currSector//*[@type='technology' and not(contains(@name, 'CCS')) and not(child::keyword/@primary-renewable)]/*[@type='input' and not(@name='oil-credits') and not(starts-with(@name, 'water_td'))], $useInputsCCS := $currSector//*[@type='technology' and contains(@name, 'CCS')]/*[@type='input' and not(@name='oil-credits') and not(starts-with(@name, 'water_td'))], $totalOutputSum := for $vintage in distinct-values($useInputs/demand-physical/@vintage | $useInputsCCS/demand-physical/@vintage) return element output { attribute vintage { $vintage }, text { sum($currSector//output-primary/physical-output[@vintage=$vintage]) } } return if(exists($useInputsCCS)) then element sector { attribute name { $sector }, $coefs[@name=$sector]/input[@is-renewable], for $input in distinct-values(($useInputs/@name, $useInputsCCS/@name)) return element input { attribute name { $input }, for $outputSum in $totalOutputSum let $inputSum := sum($useInputs[@name=$input]/demand-physical[@vintage=$outputSum/@vintage]), $inputSumCCS := sum($useInputsCCS[@name=$input]/demand-physical[@vintage=$outputSum/@vintage]) return (element coef { attribute vintage { $outputSum/@vintage }, text { $inputSum div $outputSum } }, element coef_ccs { attribute vintage { $outputSum/@vintage }, text { $inputSumCCS div $outputSum } }) } } else $coefs[@name=$sector] }; declare function local:apply-coefs($outputName as xs:string, $outputs as node()*, $coefs as node()*, $isCCS as xs:boolean) as node()* { if(exists($coefs[@name=$outputName]) and sum($outputs) > 0.001) then for $input in $coefs[@name=$outputName]/input return local:apply-coefs($input/@name, for $vintage in distinct-values($outputs/@vintage) let $outputThisVintage := $outputs[@vintage=$vintage], $firstOutput := $outputThisVintage[1], $outputSum := sum($outputThisVintage), $coefThisVintage := $input/coef[@vintage=$vintage] where $coefThisVintage > 0 return element { local-name($firstOutput) } { $firstOutput/@*, text{ $outputSum * $coefThisVintage } }, $coefs, $isCCS) | local:apply-coefs($input/@name, for $vintage in distinct-values($outputs/@vintage) let $outputThisVintage := $outputs[@vintage=$vintage], $firstOutput := $outputThisVintage[1], $outputSum := sum($outputThisVintage), $coefThisVintage := $input/coef_ccs[@vintage=$vintage] where exists($coefThisVintage) and $coefThisVintage > 0 return element { local-name($firstOutput) } { $firstOutput/@*, text{ $outputSum * $coefThisVintage } }, $coefs, true()) else if( sum($outputs) > 0.001) then element input { attribute name { if($isCCS) then concat($outputName, ' CCS') else $outputName }, attribute type { 'input' }, (: $outputs :) (: TODO: not sure why this doesn't work and we need to create these explicitly :) for $o in $outputs return element demand-physical { $o/@*, text{ $o/text() } } } else (: These are the residuals from chasing simulenaties, I've left this here for debuging purposes :) element input { attribute name { $outputName }, attribute type { 'input' } (:, $outputs :) } };declare function local:run-input-by-primary($scenarios as xs:string*, $regions as xs:string*, $collection as xs:string*) as node()* { unordered { let $regionsG := if(not($regions[1] = 'Global')) then $regions else distinct-values(collection($collection)/scenario/world/*[@type='region']/@name) return for $scenario in $scenarios, $region in $regionsG let $scenario_split := tokenize($scenario, ' '), $currTree := collection($collection)/scenario[@name = $scenario_split[1] and @date = $scenario_split[2]]/world/*[@type='region' and @name=$region], $currInputs := $currTree/*[@type='sector' and (@name='unconventional oil production' or exists(child::keyword/@final-energy))]//*[@type='input' and empty(index-of(('trn_pass_road', 'limestone', 'process heat cement', 'industrial energy use', 'industrial feedstocks', 'renewable', 'trn_freight_road', 'trn_pass_road_LDV', 'trn_pass_road_LDV_2W', 'trn_pass_road_LDV_4W', 'unconventional oil', 'oil-credits', 'scrap', 'alumina', 'process heat paper', 'waste biomass for paper', 'process heat food processing', 'water_td_ind_W', 'water_td_ind_C'), @name))], $coefs := local:generate-sector-input-coefs(distinct-values($currInputs/@name), $currTree, (), false()), $ccs_coefs := local:generate-ccs-coefs($currTree, $coefs) return for $inputName in distinct-values($currInputs/@name) return local:append-heirarchy($currTree, local:apply-coefs($inputName, $currInputs[@name=$inputName]/demand-physical, $ccs_coefs, false()))//text() } };local:run-input-by-primary(('KAIST_9_ref_u0909 2026-30-9T22:55:47+09:00'), ('Global'), ()) 
In Function: 1790860990282
After Function: 1790861241531
Scenario KAIST_9_ref_u0909 does not exist in this project.  Creating.
Read resource production query
About to perform query: collection()/scenario
About to perform query: collection()/scenario[ (@name='KAIST_9_ref_u0909' and @date='2026-30-9T22:55:47+09:00') ]/world/region/*[@type='resource']//output/node()
In Function: 1790861242554
After Function: 1790861244823
Scenario KAIST_9_ref_u0909 does not exist in this project.  Creating.
Read resource production by tech and vintage query
About to perform query: collection()/scenario
About to perform query: collection()/scenario[ (@name='KAIST_9_ref_u0909' and @date='2026-30-9T22:55:47+09:00') ]/world/region/*[@type='resource']/*[@type='subresource']/ *[@type='technology']/output-primary[@type='output' (:collapse:)]/physical-output/node()
In Function: 1790861246206
After Function: 1790861246940
Scenario KAIST_9_ref_u0909 does not exist in this project.  Creating.
Read refined liquids production by cooling tech and vintage query
About to perform query: collection()/scenario
About to perform query: collection()/scenario[ (@name='KAIST_9_ref_u0909' and @date='2026-30-9T22:55:47+09:00') ]/world/region/*[@type='sector' and contains(@name,'refining')]/*[@type='subsector']/ *[@type='technology']/*[@type='output']/physical-output/node()
In Function: 1790861247870
After Function: 1790861248231
Scenario KAIST_9_ref_u0909 does not exist in this project.  Creating.
Read hydrogen production by cooling tech and vintage query
About to perform query: collection()/scenario
About to perform query: collection()/scenario[ (@name='KAIST_9_ref_u0909' and @date='2026-30-9T22:55:47+09:00') ]/world/region/*[@type='sector' and (@name='H2 central production' or @name='H2 industrial' or @name='H2 LDV' or @name='H2 MHDV' or @name='LH2')]/ *[@type='subsector' and not (@name='H2 delivery')]/*[@type='technology']/*[@type='output']/ physical-output/node()
In Function: 1790861249098
After Function: 1790861249526
Scenario KAIST_9_ref_u0909 does not exist in this project.  Creating.
Read regional primary energy prices query
About to perform query: collection()/scenario
About to perform query: collection()/scenario[ (@name='KAIST_9_ref_u0909' and @date='2026-30-9T22:55:47+09:00') ]/world/region/*[@type = 'sector' and (@name='regional oil' or @name='regional natural gas' or @name='regional coal' or @name='regional biomass' or @name='nuclearFuelGenIII')]/ cost/text()
In Function: 1790861250433
After Function: 1790861250774
Scenario KAIST_9_ref_u0909 does not exist in this project.  Creating.
Read elec gen by subsector query
About to perform query: collection()/scenario
About to perform query: collection()/scenario[ (@name='KAIST_9_ref_u0909' and @date='2026-30-9T22:55:47+09:00') ]/world/region/*[@type='sector' (:collapse:) and (@name='electricity' or @name='elect_td_bld')]/ *[@type='subsector' and not (@name='elect_td_bld')]//*[@type='output']/ physical-output/node()
In Function: 1790861251604
After Function: 1790861252033
Scenario KAIST_9_ref_u0909 does not exist in this project.  Creating.
Read elec gen by gen tech query
About to perform query: collection()/scenario
About to perform query: collection()/scenario[ (@name='KAIST_9_ref_u0909' and @date='2026-30-9T22:55:47+09:00') ]/world/region/*[@type='sector' (:collapse:) and (@name='electricity' or @name='elect_td_bld' or @name='industrial energy use')]/ *[@type='subsector']/*[@type='technology' and not (@name='electricity' or @name='elect_td_bld')]/ *[@type='output' and (@name='electricity' or @name='elect_td_bld')]/ physical-output/node()
In Function: 1790861252912
After Function: 1790861253292
Scenario KAIST_9_ref_u0909 does not exist in this project.  Creating.
Read elec gen by gen tech and cooling tech and vintage query
About to perform query: collection()/scenario
About to perform query: collection()/scenario[ (@name='KAIST_9_ref_u0909' and @date='2026-30-9T22:55:47+09:00') ]/world/region/*[@type='sector' and (@name='electricity' or @name='elect_td_bld' or contains(@name,'elec_')) and not(contains(@name, 'water_td'))]/ *[@type='subsector' and not (@name='elect_td_bld')]/ *[@type='technology' and not(@name='biomass (conv)' or @name='biomass (conv CCS)' or @name='biomass (IGCC)' or @name='biomass (IGCC CCS)' or @name='coal (conv pul)' or @name='coal (conv pul CCS)' or @name='coal (IGCC)' or @name='coal (IGCC CCS)' or @name='gas (steam/CT)' or @name='gas (CC)' or @name='gas (CC CCS)' or @name='refined liquids (steam/CT)' or @name='refined liquids (CC)' or @name='refined liquids (CC CCS)' or @name='geothermal' or @name='Gen_II_LWR' or @name='Gen_III' or @name='CSP' or @name='CSP_storage')]/ *[@type='output']/physical-output/node() 
In Function: 1790861254181
After Function: 1790861255018
Scenario KAIST_9_ref_u0909 does not exist in this project.  Creating.
Read refined liquids production by region query
About to perform query: collection()/scenario
About to perform query: collection()/scenario[ (@name='KAIST_9_ref_u0909' and @date='2026-30-9T22:55:47+09:00') ]/world/region/*[@type='sector' (:collapse:) and (@name='refining')]// output-primary[@type='output']/physical-output/node()
In Function: 1790861256138
After Function: 1790861256427
Scenario KAIST_9_ref_u0909 does not exist in this project.  Creating.
Read refined liquids production by tech query
About to perform query: collection()/scenario
About to perform query: collection()/scenario[ (@name='KAIST_9_ref_u0909' and @date='2026-30-9T22:55:47+09:00') ]/world/region/*[@type='sector' and contains(@name,'refining')]/*[@type='subsector']/ *[@type='technology']/output-primary[@type='output']/physical-output/node()
In Function: 1790861257285
After Function: 1790861257565
Scenario KAIST_9_ref_u0909 does not exist in this project.  Creating.
Read hydrogen production by tech query
About to perform query: collection()/scenario
About to perform query: collection()/scenario[ (@name='KAIST_9_ref_u0909' and @date='2026-30-9T22:55:47+09:00') ]/world/region/*[@type='sector' and (@name='H2 central production' or @name='H2 industrial' or @name='H2 LDV' or @name='H2 MHDV' or @name='LH2')]/ *[@type='subsector' and not (@name='H2 delivery')]/*[@type='technology']/*[@type='output' (:collapse:)]/ physical-output/node()
In Function: 1790861258382
After Function: 1790861258678
Scenario KAIST_9_ref_u0909 does not exist in this project.  Creating.
Read gas production by tech query
About to perform query: collection()/scenario
About to perform query: collection()/scenario[ (@name='KAIST_9_ref_u0909' and @date='2026-30-9T22:55:47+09:00') ]/world/region/*[@type='sector' and (@name='gas processing')]/*[@type='subsector']/ *[@type='technology']/*[@type='output' (:collapse:)]/physical-output/node()
In Function: 1790861259527
After Function: 1790861259804
Scenario KAIST_9_ref_u0909 does not exist in this project.  Creating.
Read district heat production by subsector (fuel) query
About to perform query: collection()/scenario
About to perform query: collection()/scenario[ (@name='KAIST_9_ref_u0909' and @date='2026-30-9T22:55:47+09:00') ]/world/region/*[@type='sector' and (@name='district heat')]/*[@type='subsector']// *[@type='output']/physical-output/node()
In Function: 1790861260626
After Function: 1790861260817
Scenario KAIST_9_ref_u0909 does not exist in this project.  Creating.
Read final energy consumption by sector and fuel query
About to perform query: collection()/scenario
About to perform query: collection()/scenario[ (@name='KAIST_9_ref_u0909' and @date='2026-30-9T22:55:47+09:00') ]/world/region/*[@type='sector' and ((@name='building' or @name='industry' or @name='transportation') or (exists(child::keyword/@final-energy)))]//*[@type='input' and not(@name='limestone' or @name='process heat cement' or @name='process heat food processing' or @name='industrial energy use' or @name='process heat paper' or @name='waste biomass for paper' or @name='industrial feedstocks' or @name='renewable' or contains(@name, 'trn_') or @name='oil-credits')]/ demand-physical[@unit='EJ']/node()
In Function: 1790861261596
After Function: 1790861266101
Scenario KAIST_9_ref_u0909 does not exist in this project.  Creating.
Read building floorspace query
About to perform query: collection()/scenario
About to perform query: collection()/scenario[ (@name='KAIST_9_ref_u0909' and @date='2026-30-9T22:55:47+09:00') ]/world/region/gcam-consumer//floorspace/node()
In Function: 1790861267521
After Function: 1790861267839
Scenario KAIST_9_ref_u0909 does not exist in this project.  Creating.
Read industry primary output by sector query
About to perform query: collection()/scenario
About to perform query: collection()/scenario[ (@name='KAIST_9_ref_u0909' and @date='2026-30-9T22:55:47+09:00') ]/world/region/*[@type='sector' and (@name='industry' or (exists(child::keyword[@final-energy='industry'])))]//output-primary/physical-output/node()
In Function: 1790861268695
After Function: 1790861269500
Scenario KAIST_9_ref_u0909 does not exist in this project.  Creating.
Read industry final energy by tech and fuel query
About to perform query: collection()/scenario
About to perform query: collection()/scenario[ (@name='KAIST_9_ref_u0909' and @date='2026-30-9T22:55:47+09:00') ]/world/region/*[@type='sector' and (@name='industry' or (exists(child::keyword[@final-energy='industry'])))]/*[@type='subsector']/*[@type='technology']/*[@type='input' and (@name='delivered biomass' or @name='delivered coal' or @name='district heat' or@name='H2 wholesale delivery' or @name='H2 LDV' or @name='H2 MHDV' or @name='LH2' or @name='H2 industrial' or@name='elect_td_ind' or @name='wholesale gas' or @name='regional woodpulp for energy' or@name='refined liquids industrial' or @name='global solar resource')]/demand-physical/node()
In Function: 1790861270415
After Function: 1790861271243
Scenario KAIST_9_ref_u0909 does not exist in this project.  Creating.
Read transport final energy by mode and fuel query
About to perform query: collection()/scenario
About to perform query: collection()/scenario[ (@name='KAIST_9_ref_u0909' and @date='2026-30-9T22:55:47+09:00') ]/world/region/*[@type='sector' and (@name='transportation' or (exists(child::keyword[@final-energy='transportation'])))]/ *[@type='subsector']//*[@type='input' and not (@name='renewable')]/ demand-physical[@unit='EJ']/node()
In Function: 1790861272357
After Function: 1790861273058
Scenario KAIST_9_ref_u0909 does not exist in this project.  Creating.
Read fuel prices to transport query
About to perform query: collection()/scenario
About to perform query: collection()/scenario[ (@name='KAIST_9_ref_u0909' and @date='2026-30-9T22:55:47+09:00') ]/world/region/*[@type='sector' and (@name='delivered gas' or @name='delivered coal' or @name='elect_td_trn' or @name='refined liquids enduse' or @name='H2 LDV' or @name='H2 MHDV' or @name='LH2')]/cost/text()
In Function: 1790861274323
After Function: 1790861274578
Scenario KAIST_9_ref_u0909 does not exist in this project.  Creating.
Read elec td inputs and outputs query
About to perform query: collection()/scenario
About to perform query: collection()/scenario[ (@name='KAIST_9_ref_u0909' and @date='2026-30-9T22:55:47+09:00') ]/world/region/*[@type='sector' and (@name='electricity' or @name='electricity_net_ownuse' or @name='elect_td_bld' or @name='elect_td_ind' or @name='elect_td_trn')]/ *[@type='subsector' (:collapse:)]/*[@type='technology' (:collapse:) and not (@name='rooftop_pv')]/ *[@type='output' (:collapse:)]/physical-output/node()
In Function: 1790861275447
After Function: 1790861275795
Scenario KAIST_9_ref_u0909 does not exist in this project.  Creating.
Read regional biomass consumption query
About to perform query: collection()/scenario
About to perform query: collection()/scenario[ (@name='KAIST_9_ref_u0909' and @date='2026-30-9T22:55:47+09:00') ]/world/region/*[@type='sector' and (@name='regional biomass')]//*[@type='input']/ demand-physical/node()
In Function: 1790861276779
After Function: 1790861276959
Scenario KAIST_9_ref_u0909 does not exist in this project.  Creating.
Read ag production by crop type query
About to perform query: collection()/scenario
About to perform query: collection()/scenario[ (@name='KAIST_9_ref_u0909' and @date='2026-30-9T22:55:47+09:00') ]/world/region/*[@type='sector' and (local-name()='AgSupplySector')]// output-primary/physical-output/node()
In Function: 1790861277698
After Function: 1790861284010
Scenario KAIST_9_ref_u0909 does not exist in this project.  Creating.
Read ag export to the world center (USA) (Intl. Armington competition) query
About to perform query: collection()/scenario
About to perform query: collection()/scenario[ (@name='KAIST_9_ref_u0909' and @date='2026-30-9T22:55:47+09:00') ]/world/region[ (@name='USA') ]/*[@type='sector' and contains(@name, 'traded')]/*[@type='subsector']//*[@type='input']/demand-physical[@unit='Mt' or @unit='billion m3']/node()
In Function: 1790861285838
After Function: 1790861286247
Scenario KAIST_9_ref_u0909 does not exist in this project.  Creating.
Read ag import vs. domestic supply (Regional Armington competition) query
About to perform query: collection()/scenario
About to perform query: collection()/scenario[ (@name='KAIST_9_ref_u0909' and @date='2026-30-9T22:55:47+09:00') ]/world/region/*[@type='sector' and (contains(@name, 'total') or contains(@name, 'regional'))]/*[@type='subsector']//*[@type='input']/demand-physical[@unit='Mt' or @unit='billion m3']/node()
In Function: 1790861287158
After Function: 1790861289083
Scenario KAIST_9_ref_u0909 does not exist in this project.  Creating.
Read meat and dairy production by type query
About to perform query: collection()/scenario
About to perform query: collection()/scenario[ (@name='KAIST_9_ref_u0909' and @date='2026-30-9T22:55:47+09:00') ]/world/region/*[@type='sector' and (@name='Beef' or @name='SheepGoat' or @name='Pork' or @name='Dairy' or @name='Poultry')]// *[@type='output']/physical-output/node()
In Function: 1790861290066
After Function: 1790861290506
Scenario KAIST_9_ref_u0909 does not exist in this project.  Creating.
Read demand balances by crop commodity query
About to perform query: collection()/scenario
About to perform query: collection()/scenario[ (@name='KAIST_9_ref_u0909' and @date='2026-30-9T22:55:47+09:00') ]/world/region/*[@type='sector']//*[@type='input' and (@name='regional corn' or @name='regional fibercrop' or @name='regional fruits' or @name='regional legumes' or @name='regional misccrop' or @name='regional nuts_seeds' or @name='regional oilcrop' or @name='regional othergrain' or @name='regional oilpalm' or @name='regional rice' or @name='regional root_tuber' or @name='regional soybean' or @name='regional sugarcrop' or @name='regional vegetables' or @name='regional wheat' or @name='FodderGrass' or @name='FodderHerb' or @name='Forest' or @name='Pasture' or @name='regional sawnwood' or @name='regional woodpulp')]/ demand-physical/node()
In Function: 1790861291336
After Function: 1790861298682
Scenario KAIST_9_ref_u0909 does not exist in this project.  Creating.
Read demand balances by meat and dairy commodity query
About to perform query: collection()/scenario
About to perform query: collection()/scenario[ (@name='KAIST_9_ref_u0909' and @date='2026-30-9T22:55:47+09:00') ]/world/region/*[@type='sector']//*[@type='input' and (@name='regional beef' or @name='regional dairy' or @name='regional pork' or @name='regional poultry' or @name='regional sheepgoat' or @name='OtherMeat_Fish')]/ demand-physical/node()
In Function: 1790861299695
After Function: 1790861307402
Scenario KAIST_9_ref_u0909 does not exist in this project.  Creating.
Read ammonia and N fertilizer prices query
About to perform query: collection()/scenario
About to perform query: collection()/scenario[ (@name='KAIST_9_ref_u0909' and @date='2026-30-9T22:55:47+09:00') ]/world/region/*[@type='sector' and (@name='N fertilizer') or contains(@name, 'ammonia')]/cost/text()
In Function: 1790861308314
After Function: 1790861308841
Scenario KAIST_9_ref_u0909 does not exist in this project.  Creating.
Read fertilizer consumption by region query
About to perform query: collection()/scenario
About to perform query: collection()/scenario[ (@name='KAIST_9_ref_u0909' and @date='2026-30-9T22:55:47+09:00') ]/world/region/*[@type='sector' (:collapse:) and not (@name='Exports_N fertilizer')]// *[@type='input' and (@name='N fertilizer')]/demand-physical/node()
In Function: 1790861309578
After Function: 1790861321520
Scenario KAIST_9_ref_u0909 does not exist in this project.  Creating.
Read purpose-grown biomass production query
About to perform query: collection()/scenario
About to perform query: collection()/scenario[ (@name='KAIST_9_ref_u0909' and @date='2026-30-9T22:55:47+09:00') ]/world/region/*[@type='sector' and (@name='biomass')]//*[@type='output' (:collapse:)]/ physical-output/node()
In Function: 1790861322860
After Function: 1790861324870
Scenario KAIST_9_ref_u0909 does not exist in this project.  Creating.
Read residue biomass production query
About to perform query: collection()/scenario
About to perform query: collection()/scenario[ (@name='KAIST_9_ref_u0909' and @date='2026-30-9T22:55:47+09:00') ]/world/region/*[@type='sector' and not(@name='biomass')]//*[@type='output' and @name='biomass']/physical-output/node()
In Function: 1790861325652
After Function: 1790861335953
Scenario KAIST_9_ref_u0909 does not exist in this project.  Creating.
Read MSW production query
About to perform query: collection()/scenario
About to perform query: collection()/scenario[ (@name='KAIST_9_ref_u0909' and @date='2026-30-9T22:55:47+09:00') ]/world/region/*[@type='resource' and (@name='biomass')]//output/node()
In Function: 1790861337318
After Function: 1790861338677
Scenario KAIST_9_ref_u0909 does not exist in this project.  Creating.
Read LUC emissions by region query
Didn't find builder for LUC emissions by region query going to use defaults
About to perform query: collection()/scenario
About to perform query: collection()/scenario[ (@name='KAIST_9_ref_u0909' and @date='2026-30-9T22:55:47+09:00') ]/world/region//LandNode[@name='root' or @type='LandNode' (:collapse:)]// land-use-change-emission[@year>1970]/text()
In Function: 1790861339433
After Function: 1790861347780
Scenario KAIST_9_ref_u0909 does not exist in this project.  Creating.
Read land allocation by crop and water source query
Didn't find builder for land allocation by crop and water source query going to use defaults
About to perform query: collection()/scenario
About to perform query:  declare function local:nest-land-category($leaf as node(), $level as xs:string, $child as node()*) as node() { let $attrMatch := $leaf/@*[name()=$level], $attrValue := if(exists($attrMatch)) then string($attrMatch) else "NA" return element { $level } { attribute name { $attrValue }, $child } }; declare function local:run-nest-land-categories($scenarios as xs:string*, $regions as xs:string*, $collection as xs:string*) as node()* { let $regionsG := if(not($regions[1] = 'Global')) then $regions else distinct-values(collection($collection)/scenario/world/*[@type='region']/@name) return for $scenario in $scenarios, $region in $regionsG let $scenario_split := tokenize($scenario, ' '), $currTree := collection($collection)/scenario[@name = $scenario_split[1] and @date = $scenario_split[2]]/world/*[@type='region' and @name=$region], $landLeaves := $currTree//LandNode[@name='root' or @type='LandNode' (:collapse:)]//LandLeaf, $ret := document { element scenario { attribute name { $scenario_split[1] }, attribute date { $scenario_split[2] }, element region { attribute type { "region" }, attribute name { $region }, for $leaf in $landLeaves (: TODO: not sure why I have to explicitly copy the land-allocation :) let $copy := for $landAlloc in $leaf/land-allocation return element land-allocation { $landAlloc/@*, text { $landAlloc/text() } } (: A user could choose to nest by recursively calling for any of: ("crop", "land-region", "water", "mgmt-tech") :) return local:nest-land-category($leaf, "crop", local:nest-land-category($leaf, "water", $copy)) } } } return $ret//text() }; local:run-nest-land-categories(('KAIST_9_ref_u0909 2026-30-9T22:55:47+09:00'), ('Global'), ()) 
In Function: 1790861353923
After Function: 1790861365073
Scenario KAIST_9_ref_u0909 does not exist in this project.  Creating.
Read aggregated land allocation query
Didn't find builder for aggregated land allocation query going to use defaults
About to perform query: collection()/scenario
About to perform query: collection()/scenario[ (@name='KAIST_9_ref_u0909' and @date='2026-30-9T22:55:47+09:00') ]/world/region//LandNode[@name='root' or @type='LandNode' (:collapse:)]//land-allocation/text()
In Function: 1790861367987
After Function: 1790861375910
Scenario KAIST_9_ref_u0909 does not exist in this project.  Creating.
Read CO2 prices query
About to perform query: collection()/scenario
About to perform query: collection()/scenario[ (@name='KAIST_9_ref_u0909' and @date='2026-30-9T22:55:47+09:00') ]/world/Marketplace/market[true() and contains(@name,'CO2')]/price/node()
In Function: 1790861378649
After Function: 1790861379006
Read CO2 emissions by region query
About to perform query: collection()/scenario
About to perform query: collection()/scenario[ (@name='KAIST_9_ref_u0909' and @date='2026-30-9T22:55:47+09:00') ]/world/region/*[@type = 'sector' (:collapse:) or @type = 'resource' (:collapse:)](: / *[@type = 'subresource' (: collapse :)] :)//*[((@name='CO2' or @name = 'CO2_FUG'))]/emissions/node()
In Function: 1790861379734
After Function: 1790861389048
Scenario KAIST_9_ref_u0909 does not exist in this project.  Creating.
Read CO2 emissions by resource production query
About to perform query: collection()/scenario
About to perform query: collection()/scenario[ (@name='KAIST_9_ref_u0909' and @date='2026-30-9T22:55:47+09:00') ]/world/region/*[@type = 'resource']//*[@type = 'GHG' and (@name = 'CO2' or @name = 'CO2_FUG')]/emissions/node()
In Function: 1790861390178
After Function: 1790861390941
Scenario KAIST_9_ref_u0909 does not exist in this project.  Creating.
Read CO2 emissions by sector (no bio) (excluding resource production) query
About to perform query: collection()/scenario
About to perform query:  declare function local:append-heirarchy($parent as node(), $append as node()*) as node() { let $scn := $parent/ancestor::scenario, $rgn := $parent (: /ancestor::region :) return document { element scenario { $scn/@*, element region { $rgn/@*, $append } } } (: I can get by with just the scenario and region let $new_node := element {local-name($parent)} {$parent/@*, $append} return if(local-name($parent) != 'scenario') then local:append-heirarchy($parent/parent::*, $new_node) else document { $new_node } :) }; declare function local:get-carbon-coef($good as xs:string) as xs:decimal { let $carbonCoefs := ( <PrimaryFuelCO2Coef name="biomass">0</PrimaryFuelCO2Coef>, <PrimaryFuelCO2Coef name="coal">27.3</PrimaryFuelCO2Coef>, <PrimaryFuelCO2Coef name="crude oil">19.6</PrimaryFuelCO2Coef>, <PrimaryFuelCO2Coef name="delivered biomass">23</PrimaryFuelCO2Coef>, <PrimaryFuelCO2Coef name="delivered coal">27.3</PrimaryFuelCO2Coef>, <PrimaryFuelCO2Coef name="delivered gas">14.2</PrimaryFuelCO2Coef>, <PrimaryFuelCO2Coef name="gas pipeline">14.2</PrimaryFuelCO2Coef>, <PrimaryFuelCO2Coef name="gas processing">14.2</PrimaryFuelCO2Coef>, <PrimaryFuelCO2Coef name="limestone">0.08</PrimaryFuelCO2Coef>, <PrimaryFuelCO2Coef name="natural gas">14.2</PrimaryFuelCO2Coef>, <PrimaryFuelCO2Coef name="refined liquids enduse">19.6</PrimaryFuelCO2Coef>, <PrimaryFuelCO2Coef name="refined liquids industrial">19.6</PrimaryFuelCO2Coef>, <PrimaryFuelCO2Coef name="refining">19.6</PrimaryFuelCO2Coef>, <PrimaryFuelCO2Coef name="regional biomass">23</PrimaryFuelCO2Coef>, <PrimaryFuelCO2Coef name="regional biomassOil">19.6</PrimaryFuelCO2Coef>, <PrimaryFuelCO2Coef name="regional coal">27.3</PrimaryFuelCO2Coef>, <PrimaryFuelCO2Coef name="regional corn for ethanol">19.6</PrimaryFuelCO2Coef>, <PrimaryFuelCO2Coef name="regional natural gas">14.2</PrimaryFuelCO2Coef>, <PrimaryFuelCO2Coef name="regional oil">19.6</PrimaryFuelCO2Coef>, <PrimaryFuelCO2Coef name="regional sugar for ethanol">19.6</PrimaryFuelCO2Coef>, <PrimaryFuelCO2Coef name="regional woodpulp for energy">23</PrimaryFuelCO2Coef>, <PrimaryFuelCO2Coef name="traded unconventional oil">19.6</PrimaryFuelCO2Coef>, <PrimaryFuelCO2Coef name="unconventional oil">21.1</PrimaryFuelCO2Coef>, <PrimaryFuelCO2Coef name="unconventional oil production">19.6</PrimaryFuelCO2Coef>, <PrimaryFuelCO2Coef name="wholesale gas">14.2</PrimaryFuelCO2Coef>), $currCoef := $carbonCoefs[@name=$good]/text() return if(exists($currCoef)) then $currCoef else 0.0 }; declare function local:is-carbonatious-fuel($good as xs:string) as xs:boolean { not(local:get-carbon-coef($good) = 0.0) }; declare function local:generate-sector-output-coefs($inputNameQueue as xs:string*, $currTree as node(), $coefs as node()*, $is_usa as xs:boolean) as node()* { if(empty($inputNameQueue)) then $coefs else if( exists($coefs[@name = $inputNameQueue[1]]) or exists(index-of(('traded unconventional oil'), $inputNameQueue[1])) or not($currTree/*[@type='sector' and @name=$inputNameQueue[1]]) or not(local:is-carbonatious-fuel($inputNameQueue[1]))) then local:generate-sector-output-coefs(remove($inputNameQueue, 1), $currTree, $coefs, $is_usa) else let $inputName := $inputNameQueue[1], $newInputNameQueue := remove($inputNameQueue, 1), $useInputs := $currTree//*[@type='input' and @name=$inputName], $useSectors := distinct-values($useInputs/ancestor::*[@type='sector']/@name), $totalInputSum := for $vintage in distinct-values($useInputs/demand-physical/@vintage) return element input { attribute vintage { $vintage }, text { sum($useInputs/demand-physical[@vintage=$vintage]) } }, $new_coefs := if(empty($useSectors)) then $coefs else $coefs | element sector { attribute name { $inputName }, for $output in $useSectors return element output { attribute name { $output }, for $inputSum in $totalInputSum let $currSectorInputs := $useInputs[ancestor::*[@type='sector' and @name=$output]], $outputSum := sum($currSectorInputs/demand-physical[@vintage=$inputSum/@vintage]), $carbonIn := sum($currSectorInputs/parent::*//carbon-content[@vintage=$inputSum/@vintage]), $carbonOut := sum($currSectorInputs/parent::*/output-primary/physical-output[@vintage=$inputSum/@vintage]) * local:get-carbon-coef($output) return (element share { attribute vintage { $inputSum/@vintage }, text { $outputSum div $inputSum } }, element carbon_ratio { attribute vintage { $inputSum/@vintage }, text{ if($carbonIn > 0) then $carbonOut div $carbonIn else 0 } }) } } return local:generate-sector-output-coefs(distinct-values(($newInputNameQueue, $useSectors)), $currTree, $new_coefs, $is_usa) }; declare function local:apply-coefs($outputName as xs:string, $emissions as node()*, $coefs as node()*) as node()* { if(exists($coefs[@name=$outputName]) and abs(sum($emissions)) > 0.001) then for $output in $coefs[@name=$outputName]/output let $emiss_go := for $year in distinct-values($emissions/@year) let $emissThisVintage := $emissions[@year=$year], $firstEmiss := $emissThisVintage[1], $emissSum := sum($emissThisVintage), $shareThisVintage := $output/share[@vintage=$year], $carbonRatioThisVintage := $output/carbon_ratio[@vintage=$year], $coefThisVintage := $shareThisVintage * $carbonRatioThisVintage where $coefThisVintage > 0 return element { local-name($firstEmiss) } { $firstEmiss/@*, text{ $emissSum * $coefThisVintage } }, $emiss_stay := for $year in distinct-values($emissions/@year) let $emissThisVintage := $emissions[@year=$year], $firstEmiss := $emissThisVintage[1], $emissSum := sum($emissThisVintage), $shareThisVintage := $output/share[@vintage=$year], $carbonRatioThisVintage := 1.0 - $output/carbon_ratio[@vintage=$year], $coefThisVintage := $shareThisVintage * $carbonRatioThisVintage where $coefThisVintage > 0 return element { local-name($firstEmiss) } { $firstEmiss/@*, text{ $emissSum * $coefThisVintage } } return local:apply-coefs($output/@name, $emiss_go, $coefs) | element sector { attribute name { $output/@name}, attribute type { 'sector' }, $emiss_stay } else if( abs(sum($emissions)) > 0.001) then element sector { attribute name { $outputName }, attribute type { 'sector' }, $emissions } else (: These are the residuals from chasing simulenaties, I've left this here for debuging purposes :) element sector { attribute name { $outputName }, attribute type { 'sector' }(:, $emissions:) } }; declare function local:run-emiss-by-enduse($scenarios as xs:string*, $regions as xs:string*, $collection as xs:string*) as node()* { (:unordered { :) let $regionsG := if(not($regions[1] = 'Global')) then $regions else distinct-values(collection($collection)/scenario/world/*[@type='region']/@name) return for $scenario in $scenarios, $region in $regionsG let $scenario_split := tokenize($scenario, ' '), $currTree := collection($collection)/scenario[@name = $scenario_split[1] and @date = $scenario_split[2]]/world/*[@type='region' and @name=$region], $sector_emiss := $currTree/*[@type='sector' and not(@name='regional biomass' or @name='regional biomassOil' or @name='regional corn for ethanol' or @name='regional sugar for ethanol' or @name='regional sugarbeet for ethanol' or @name='regional woodpulp for energy')]//CO2[@type='GHG' (:collapse:) and @name='CO2']/emissions/text(), $currEmissSectors := $currTree/*[@type='sector' and (@name='regional biomass' or @name='regional biomassOil' or @name='regional corn for ethanol' or @name='regional sugar for ethanol' or @name='regional sugarbeet for ethanol' or @name='regional woodpulp for energy')], $coefs := local:generate-sector-output-coefs(distinct-values($currEmissSectors/@name), $currTree, (), false()), $downstream_emiss := for $sectorName in distinct-values($currEmissSectors/@name) return local:append-heirarchy($currTree, local:apply-coefs($sectorName, $currEmissSectors[@name=$sectorName]//CO2[@name='CO2' or @name='CO2_FUG']/emissions, $coefs))//text() return ($sector_emiss, $downstream_emiss ) (: } :) }; local:run-emiss-by-enduse(('KAIST_9_ref_u0909 2026-30-9T22:55:47+09:00'), ('Global'), ()) 
In Function: 1790861391838
After Function: 1790861545424
Scenario KAIST_9_ref_u0909 does not exist in this project.  Creating.
Read CO2 emissions by sector (excluding resource production) query
About to perform query: collection()/scenario
About to perform query: collection()/scenario[ (@name='KAIST_9_ref_u0909' and @date='2026-30-9T22:55:47+09:00') ]/world/region/*[@type = 'sector']//*[@type = 'GHG' and (@name = 'CO2' or @name = 'CO2_FUG')]/emissions/node()
In Function: 1790861546844
After Function: 1790861556391
Scenario KAIST_9_ref_u0909 does not exist in this project.  Creating.
Read CO2 emissions by region query
About to perform query: collection()/scenario
About to perform query: collection()/scenario[ (@name='KAIST_9_ref_u0909' and @date='2026-30-9T22:55:47+09:00') ]/world/region/*[@type = 'sector' (:collapse:) or @type = 'resource' (:collapse:)](: / *[@type = 'subresource' (: collapse :)] :)//*[((@name='CO2' or @name = 'CO2_FUG'))]/emissions/node()
In Function: 1790861557728
After Function: 1790861569080
Scenario KAIST_9_ref_u0909 does not exist in this project.  Creating.
Read CO2 emissions by tech (excluding resource production) query
About to perform query: collection()/scenario
About to perform query: collection()/scenario[ (@name='KAIST_9_ref_u0909' and @date='2026-30-9T22:55:47+09:00') ]/world/region/*[@type = 'sector' ]/*[@type='subsector']/*[@type='technology']//*[@type = 'GHG' and (@name = 'CO2' or @name = 'CO2_FUG')]/emissions/node()
In Function: 1790861570393
After Function: 1790861581709
Scenario KAIST_9_ref_u0909 does not exist in this project.  Creating.
Read CO2 sequestration by tech query
About to perform query: collection()/scenario
About to perform query: collection()/scenario[ (@name='KAIST_9_ref_u0909' and @date='2026-30-9T22:55:47+09:00') ]/world/region/*[@type = 'sector' ]/*[@type='subsector']/*[@type='technology']//*[@type = 'GHG' and (@name = 'CO2' or @name = 'CO2_FUG')]/emissions-sequestered/node()
In Function: 1790861583126
After Function: 1790861592195
Scenario KAIST_9_ref_u0909 does not exist in this project.  Creating.
Read CO2 concentrations query
About to perform query: collection()/scenario
About to perform query: collection()/scenario[ (@name='KAIST_9_ref_u0909' and @date='2026-30-9T22:55:47+09:00') ]/world/climate-model/CO2-concentration/text()
In Function: 1790861593357
After Function: 1790861593398
Scenario KAIST_9_ref_u0909 does not exist in this project.  Creating.
Read global mean temperature query
About to perform query: collection()/scenario
About to perform query: collection()/scenario[ (@name='KAIST_9_ref_u0909' and @date='2026-30-9T22:55:47+09:00') ]/world/climate-model/global-mean-surface-temperature/text()
In Function: 1790861594319
After Function: 1790861594367
Scenario KAIST_9_ref_u0909 does not exist in this project.  Creating.
Read total climate forcing query
About to perform query: collection()/scenario
About to perform query: collection()/scenario[ (@name='KAIST_9_ref_u0909' and @date='2026-30-9T22:55:47+09:00') ]/world/climate-model/forcing-total/text()
In Function: 1790861595324
After Function: 1790861595358
Scenario KAIST_9_ref_u0909 does not exist in this project.  Creating.
Read prices by sector query
About to perform query: collection()/scenario
About to perform query: collection()/scenario[ (@name='KAIST_9_ref_u0909' and @date='2026-30-9T22:55:47+09:00') ]/world/region/*[@type = 'sector']/cost/text()
In Function: 1790861596205
After Function: 1790861602592
Scenario KAIST_9_ref_u0909 does not exist in this project.  Creating.
Read costs by subsector query
About to perform query: collection()/scenario
About to perform query: collection()/scenario[ (@name='KAIST_9_ref_u0909' and @date='2026-30-9T22:55:47+09:00') ]/world/region/*[@type='sector' and (local-name()!='AgSupplySector')]/*[@type = 'subsector']/cost/text()
In Function: 1790861605603
After Function: 1790861608608
Scenario KAIST_9_ref_u0909 does not exist in this project.  Creating.
Read supply of all markets query
About to perform query: collection()/scenario
About to perform query: collection()/scenario[ (@name='KAIST_9_ref_u0909' and @date='2026-30-9T22:55:47+09:00') ]/world/Marketplace/market[true()]/supply/node()
In Function: 1790861611800
After Function: 1790861613545
Scenario KAIST_9_ref_u0909 does not exist in this project.  Creating.
Read prices of all markets query
About to perform query: collection()/scenario
About to perform query: collection()/scenario[ (@name='KAIST_9_ref_u0909' and @date='2026-30-9T22:55:47+09:00') ]/world/Marketplace/market[true()]/price/node()
In Function: 1790861616083
After Function: 1790861617301
Scenario KAIST_9_ref_u0909 does not exist in this project.  Creating.
Read inputs by sector query
About to perform query: collection()/scenario
About to perform query: collection()/scenario[ (@name='KAIST_9_ref_u0909' and @date='2026-30-9T22:55:47+09:00') ]/world/region/*[@type='sector']//*[@type='input']/demand-physical/node()
In Function: 1790861619837
After Function: 1790861646743
Scenario KAIST_9_ref_u0909 does not exist in this project.  Creating.
Read inputs by tech query
About to perform query: collection()/scenario
About to perform query: collection()/scenario[ (@name='KAIST_9_ref_u0909' and @date='2026-30-9T22:55:47+09:00') ]/world/region/*[@type='sector']/*[@type='subsector']/*[@type='technology']/*[@type='input']/demand-physical/node()
In Function: 1790861654801
After Function: 1790861684476
Scenario KAIST_9_ref_u0909 does not exist in this project.  Creating.
Read transport service output by mode query
About to perform query: collection()/scenario
About to perform query: collection()/scenario[ (@name='KAIST_9_ref_u0909' and @date='2026-30-9T22:55:47+09:00') ]/world/region/*[@type='sector' and (@name='transportation' or (exists(child::keyword[@final-energy='transportation'])))]/ *[@type='subsector']//*[@type='output' (:collapse:) and not(@name='CAFEcredit')]/ physical-output/node()
In Function: 1790861700949
After Function: 1790861706551
Scenario KAIST_9_ref_u0909 does not exist in this project.  Creating.
Read nonCO2 emissions by resource production query
About to perform query: collection()/scenario
About to perform query: collection()/scenario[ (@name='KAIST_9_ref_u0909' and @date='2026-30-9T22:55:47+09:00') ]/world/region/*[@type = 'resource']//*[@type = 'GHG' and @name != 'CO2' and @name != 'CO2_FUG']/emissions/node()
In Function: 1790861707851
After Function: 1790861708772
Scenario KAIST_9_ref_u0909 does not exist in this project.  Creating.
Read regional iron and steel sources query
About to perform query: collection()/scenario
About to perform query: collection()/scenario[ (@name='KAIST_9_ref_u0909' and @date='2026-30-9T22:55:47+09:00') ]/world/region/*[@type='sector' and contains(@name, 'regional iron and steel')]/*[@type='subsector']//*[@type='input']/demand-physical/node()
In Function: 1790861709875
After Function: 1790861710162
Scenario KAIST_9_ref_u0909 does not exist in this project.  Creating.
Read iron and steel prices query
About to perform query: collection()/scenario
About to perform query: collection()/scenario[ (@name='KAIST_9_ref_u0909' and @date='2026-30-9T22:55:47+09:00') ]/world/region/*[@type='sector' and (@name='iron and steel')]/cost/text()
In Function: 1790861711022
After Function: 1790861711240
Scenario KAIST_9_ref_u0909 does not exist in this project.  Creating.
Read traded iron and steel query
About to perform query: collection()/scenario
About to perform query: collection()/scenario[ (@name='KAIST_9_ref_u0909' and @date='2026-30-9T22:55:47+09:00') ]/world/region/*[@type='sector' and contains(@name, 'traded iron and steel')]/*[@type='subsector']//*[@type='input']/demand-physical/node()
In Function: 1790861712086
After Function: 1790861712302
Scenario KAIST_9_ref_u0909 does not exist in this project.  Creating.
Read chemical prices query
About to perform query: collection()/scenario
About to perform query: collection()/scenario[ (@name='KAIST_9_ref_u0909' and @date='2026-30-9T22:55:47+09:00') ]/world/region/*[@type='sector' and (@name='chemical')]/cost/text()
In Function: 1790861713569
After Function: 1790861713867
Scenario KAIST_9_ref_u0909 does not exist in this project.  Creating.
Read aluminum prices query
About to perform query: collection()/scenario
About to perform query: collection()/scenario[ (@name='KAIST_9_ref_u0909' and @date='2026-30-9T22:55:47+09:00') ]/world/region/*[@type='sector' and (@name='aluminum')]/cost/text()
In Function: 1790861714791
After Function: 1790861715034
Scenario KAIST_9_ref_u0909 does not exist in this project.  Creating.
Read paper prices query
About to perform query: collection()/scenario
About to perform query: collection()/scenario[ (@name='KAIST_9_ref_u0909' and @date='2026-30-9T22:55:47+09:00') ]/world/region/*[@type='sector' and (@name='paper')]/cost/text()
In Function: 1790861715852
After Function: 1790861716087
Scenario KAIST_9_ref_u0909 does not exist in this project.  Creating.
Read water withdrawals by subsector query
About to perform query: collection()/scenario
About to perform query: collection()/scenario[ (@name='KAIST_9_ref_u0909' and @date='2026-30-9T22:55:47+09:00') ]/world/region/*[@type='sector' and not(contains(@name, 'water_td'))]/*[@type='subsector']//*[@type='input' (:collapse:) and contains(@name,'water_td') and ends-with(@name,'_W')]/demand-physical/node()
In Function: 1790861717035
After Function: 1790861727590
Scenario KAIST_9_ref_u0909 does not exist in this project.  Creating.
Read water consumption by subsector query
About to perform query: collection()/scenario
About to perform query: collection()/scenario[ (@name='KAIST_9_ref_u0909' and @date='2026-30-9T22:55:47+09:00') ]/world/region/*[@type='sector' and not(contains(@name, 'water_td'))]/*[@type='subsector']//*[@type='input' (:collapse:) and contains(@name,'water_td') and ends-with(@name,'_C')]/demand-physical/node()
In Function: 1790861729128
After Function: 1790861736137
Scenario KAIST_9_ref_u0909 does not exist in this project.  Creating.
Read transport service output by tech and vintage query
About to perform query: collection()/scenario
About to perform query: collection()/scenario[ (@name='KAIST_9_ref_u0909' and @date='2026-30-9T22:55:47+09:00') ]/world/region/*[@type='sector' and (@name='transportation' or (exists(child::keyword[@final-energy='transportation'])))]/ *[@type='subsector']/*[@type='technology']/*[@type='output' (:collapse:) and not (@name='CAFEcredit')]/ physical-output/node()
In Function: 1790861737422
After Function: 1790861738349
Scenario KAIST_9_ref_u0909 does not exist in this project.  Creating.
Read capital investment demands by tech query
About to perform query: collection()/scenario
About to perform query: collection()/scenario[ (@name='KAIST_9_ref_u0909' and @date='2026-30-9T22:55:47+09:00') ]/world/region/*[@type='sector']/*[@type = 'subsector']/*[@type = 'technology']/*[@type='input' (: collapse :)]/capital/text()
In Function: 1790861739258
After Function: 1790861745531
Scenario KAIST_9_ref_u0909 does not exist in this project.  Creating.
Database scenarios:  KAIST_9_ref_u0909
About to perform query: collection()/scenario
About to perform query: collection()/scenario[ (@name='KAIST_9_ref_u0909' and @date='2026-30-9T22:55:47+09:00') ]/world/region/*[@type = 'sector']/*[@type = 'subsector']//*[@type = 'GHG' and (@name = 'BC' or @name = 'BC_AWB' or @name = 'C2F6' or @name = 'CF4' or @name = 'CH4' or @name = 'CH4_AGR' or @name = 'CH4_AWB' or @name = 'CO' or @name = 'CO_AWB' or @name = 'H2' or @name = 'H2_AWB' or @name = 'HFC125' or @name = 'HFC134a' or @name = 'HFC143a' or @name = 'HFC152a' or @name = 'HFC227ea' or @name = 'HFC23' or @name = 'HFC236fa' or @name = 'HFC245fa' or @name = 'HFC32' or @name = 'HFC365mfc')]/emissions/node()
In Function: 1790861747620
After Function: 1790861763614
Rows: 1249627 Columns: 8
── Column specification ────────────────────────────────────────────────────────
Delimiter: ","
chr (6): Units, scenario, region, sector, subsector, GHG
dbl (2): Year, value

ℹ Use `spec()` to retrieve the full column specification for this data.
ℹ Specify the column types or set `show_col_types = FALSE` to quiet this message.
Scenario KAIST_9_ref_u0909 does not exist in this project.  Creating.
Database scenarios:  KAIST_9_ref_u0909
About to perform query: collection()/scenario
About to perform query: collection()/scenario[ (@name='KAIST_9_ref_u0909' and @date='2026-30-9T22:55:47+09:00') ]/world/region/*[@type = 'sector']/*[@type = 'subsector']//*[@type = 'GHG' and (@name = 'HFC43' or @name = 'N2O' or @name = 'N2O_AGR' or @name = 'N2O_AWB' or @name = 'NH3' or @name = 'NH3_AGR' or @name = 'NH3_AWB' or @name = 'NMVOC' or @name = 'NMVOC_AGR' or @name = 'NMVOC_AWB' or @name = 'NOx' or @name = 'NOx_AGR' or @name = 'NOx_AWB' or @name = 'OC' or @name = 'OC_AWB' or @name = 'PM10' or @name = 'PM2.5' or @name = 'SF6' or @name = 'SO2_1' or @name = 'SO2_1_AWB' or @name = 'SO2_2')]/emissions/node()
In Function: 1790861770868
After Function: 1790861798530
Rows: 2537269 Columns: 8
── Column specification ────────────────────────────────────────────────────────
Delimiter: ","
chr (6): Units, scenario, region, sector, subsector, GHG
dbl (2): Year, value

ℹ Use `spec()` to retrieve the full column specification for this data.
ℹ Specify the column types or set `show_col_types = FALSE` to quiet this message.
Scenario KAIST_9_ref_u0909 does not exist in this project.  Creating.
Database scenarios:  KAIST_9_ref_u0909
About to perform query: collection()/scenario
About to perform query: collection()/scenario[ (@name='KAIST_9_ref_u0909' and @date='2026-30-9T22:55:47+09:00') ]/world/region/*[@type = 'sector']/*[@type = 'subsector']//*[@type = 'GHG' and (@name = 'SO2_2_AWB' or @name = 'SO2_3' or @name = 'SO2_3_AWB' or @name = 'SO2_4' or @name = 'SO2_4_AWB')]/emissions/node()
In Function: 1790861812309
After Function: 1790861822245
Rows: 203852 Columns: 8
── Column specification ────────────────────────────────────────────────────────
Delimiter: ","
chr (6): Units, scenario, region, sector, subsector, GHG
dbl (2): Year, value

ℹ Use `spec()` to retrieve the full column specification for this data.
ℹ Specify the column types or set `show_col_types = FALSE` to quiet this message.
Scenario KAIST_9_ref_u0909 does not exist in this project.  Creating.
Scenario KAIST_9_ref_u0909 does not exist in this project.  Creating.
Database scenarios:  KAIST_9_ref_u0909
About to perform query: collection()/scenario
About to perform query: collection()/scenario[ (@name='KAIST_9_ref_u0909' and @date='2026-30-9T22:55:47+09:00') ]/world/region/*[@type = 'sector' (:collapse:) or @type = 'resource' (:collapse:)](: / *[@type = 'subresource' (: collapse :)] :)// *[@type = 'GHG' and (@name = 'BC' or @name = 'BC_AWB' or @name = 'C2F6' or @name = 'CF4' or @name = 'CH4' or @name = 'CH4_AGR' or @name = 'CH4_AWB' or @name = 'CO' or @name = 'CO_AWB' or @name = 'H2' or @name = 'H2_AWB' or @name = 'HFC125' or @name = 'HFC134a' or @name = 'HFC143a' or @name = 'HFC152a' or @name = 'HFC227ea' or @name = 'HFC23' or @name = 'HFC236fa' or @name = 'HFC245fa' or @name = 'HFC32' or @name = 'HFC365mfc')]/emissions/node()
In Function: 1790861825560
After Function: 1790861840118
Rows: 1259169 Columns: 6
── Column specification ────────────────────────────────────────────────────────
Delimiter: ","
chr (4): Units, scenario, region, GHG
dbl (2): Year, value

ℹ Use `spec()` to retrieve the full column specification for this data.
ℹ Specify the column types or set `show_col_types = FALSE` to quiet this message.
Scenario KAIST_9_ref_u0909 does not exist in this project.  Creating.
Database scenarios:  KAIST_9_ref_u0909
About to perform query: collection()/scenario
About to perform query: collection()/scenario[ (@name='KAIST_9_ref_u0909' and @date='2026-30-9T22:55:47+09:00') ]/world/region/*[@type = 'sector' (:collapse:) or @type = 'resource' (:collapse:)](: / *[@type = 'subresource' (: collapse :)] :)// *[@type = 'GHG' and (@name = 'HFC43' or @name = 'N2O' or @name = 'N2O_AGR' or @name = 'N2O_AWB' or @name = 'NH3' or @name = 'NH3_AGR' or @name = 'NH3_AWB' or @name = 'NMVOC' or @name = 'NMVOC_AGR' or @name = 'NMVOC_AWB' or @name = 'NOx' or @name = 'NOx_AGR' or @name = 'NOx_AWB' or @name = 'OC' or @name = 'OC_AWB' or @name = 'PM10' or @name = 'PM2.5' or @name = 'SF6' or @name = 'SO2_1' or @name = 'SO2_1_AWB' or @name = 'SO2_2')]/emissions/node()
In Function: 1790861844191
After Function: 1790861862424
Rows: 2554520 Columns: 6
── Column specification ────────────────────────────────────────────────────────
Delimiter: ","
chr (4): Units, scenario, region, GHG
dbl (2): Year, value

ℹ Use `spec()` to retrieve the full column specification for this data.
ℹ Specify the column types or set `show_col_types = FALSE` to quiet this message.
Scenario KAIST_9_ref_u0909 does not exist in this project.  Creating.
Database scenarios:  KAIST_9_ref_u0909
About to perform query: collection()/scenario
About to perform query: collection()/scenario[ (@name='KAIST_9_ref_u0909' and @date='2026-30-9T22:55:47+09:00') ]/world/region/*[@type = 'sector' (:collapse:) or @type = 'resource' (:collapse:)](: / *[@type = 'subresource' (: collapse :)] :)// *[@type = 'GHG' and (@name = 'SO2_2_AWB' or @name = 'SO2_3' or @name = 'SO2_3_AWB' or @name = 'SO2_4' or @name = 'SO2_4_AWB')]/emissions/node()
In Function: 1790861868389
After Function: 1790861875291
Rows: 204960 Columns: 6
── Column specification ────────────────────────────────────────────────────────
Delimiter: ","
chr (4): Units, scenario, region, GHG
dbl (2): Year, value

ℹ Use `spec()` to retrieve the full column specification for this data.
ℹ Specify the column types or set `show_col_types = FALSE` to quiet this message.
Scenario KAIST_9_ref_u0909 does not exist in this project.  Creating.
Scenario KAIST_9_ref_u0909 does not exist in this project.  Creating.
Scenario KAIST_9_ref_u0909 does not exist in this project.  Creating.
rgcam project saved in C:/Users/pjhan/Desktop/git/iam_models/GCAM/gcamreport-integrated/gcamreport-temp/debug/case1_chemical_feedback_Sector/Input/u0909r_Ref_u0909.dat
Loading data, performing checks, and saving output...
[1] "biomass_shares"
[1] "ag_demand_clean"
[1] "ag_weights"
[1] "ag_price_wld"
[1] "ag_price_clean"
Joining with `by = join_by(scenario, region, sector, var, year)`
[1] "ag_production_clean"
[1] "capital_stock_clean"
[1] "capital_formation_clean"
[1] "nonbio_diff"
[1] "co2_emiss"
[1] "LUC_emiss"
[1] "co2_emissions_clean"
[1] "price_var"
[1] "regions.global"
[1] "co2_ets_bysec"
[1] "co2_price_share_bysec"
[1] "co2_price_fragmented"
[1] "co2_price_global"
[1] "co2_price_clean"
[1] "refliq_bioshare"
[1] "co2_sequestration_clean"
[1] "consumption_hh_clean"
[1] "secondary_solids"
[1] "secondary_energy_clean"
[1] "cf_iea"
[1] "elec_cf"
[1] "elec_capacity_add"
[1] "elec_capacity_add_clean"
[1] "elec_capacity_tot_clean"
[1] "elec_capital_clean"
[1] "elec_investment_clean"
[1] "population_clean"
[1] "pop_weights"
[1] "income_raw"
[1] "energy_expenditure_per_clean"
[1] "energy_price"
[1] "fe_sector"
[1] "fe_transportation"
[1] "fe_sector_clean"
[1] "primary_energy_clean"
[1] "energy_price_clean"
[1] "energy_service_transportation_clean"
[1] "food_weights"
[1] "food_expenditure_per_clean"
[1] "expenditure_per_clean"
[1] "fert_consumption_clean"
[1] "floor_space_clean"
[1] "food_availability_clean"
[1] "food_demand_clean"
[1] "food_intake_clean"
[1] "forcing_clean"
[1] "forestry_demand_clean"
Joining with `by = join_by(region, year)`
[1] "GDP_MER_clean"
[1] "GDP_PPP_clean"
[1] "global_temp_clean"
[1] "goods_trade_clean"
[1] "gov_revenue_clean"
[1] "gross_co2_emiss_clean"
[1] "hdd_cdd_clean"
[1] "industry_production_clean"
[1] "inequality_clean"
[1] "kyoto_gases_clean"
[1] "labor_clean"
[1] "land_clean"
[1] "f_gases_total"
[1] "nonco2_clean"
[1] "nonelec_investment_clean"
[1] "poverty_clean"
[1] "production_price_clean"
[1] "resource_extraction_clean"
[1] "resource_investment_clean"
[1] "total_investment_clean"
[1] "ag_trade"
[1] "pe_trade_prod"
[1] "pe_trade_supply"
[1] "pe_trade"
[1] "trade_clean"
[1] "trn_sales_clean"
[1] "trn_stock_clean"
[1] "water_consumption_clean"
[1] "water_withdrawals_clean"
[1] "yield_clean"
Standardized dataset saved in C:/Users/pjhan/Desktop/git/iam_models/GCAM/gcamreport-integrated/gcamreport-temp/debug/case1_chemical_feedback_Sector/Input/reports_u0909/Ref_u0909.csv
Standardized dataset saved in C:/Users/pjhan/Desktop/git/iam_models/GCAM/gcamreport-integrated/gcamreport-temp/debug/case1_chemical_feedback_Sector/Input/reports_u0909/Ref_u0909.xlsx
Saving 7 x 7 in image
Vetting summary:
[1] "Inf variables: OK"
[1] "NA variables: OK"
[1] "Vetting variables: Vetting only performed on some variables"
To view the summary details, type:
  - `vetting_summary$`Inf variables` to check for Inf values
  - `vetting_summary$`NA variables` to check for NA values
  - `vetting_summary$`Vetting variables` to check with historical values

You can find a supporting vetting figure in: `output/figure/vetting.tiff`
==============================================================
처리 완료: KAIST_9_ref_u0909
처리 시작: KAIST_9_NZ_u0909
Project does not exists. Creating project...
Database scenarios:  KAIST_9_NZ_u0909
Start reading queries for KAIST_9_NZ_u0909 scenario
Read GDP MER by region query
About to perform query: collection()/scenario
About to perform query: collection()/scenario[ (@name='KAIST_9_NZ_u0909' and @date='2026-30-9T23:02:09+09:00') ]/world/region/nationalAccount/account[@name = 'GDP']/node()
In Function: 1790861960459
After Function: 1790861961634
Scenario KAIST_9_NZ_u0909 does not exist in this project.  Creating.
Read GDP per capita PPP by region query
About to perform query: collection()/scenario
About to perform query: collection()/scenario[ (@name='KAIST_9_NZ_u0909' and @date='2026-30-9T23:02:09+09:00') ]/world/region/nationalAccount/account[@name = 'gdp-per-capita-ppp']/node()
In Function: 1790861962185
After Function: 1790861962374
Scenario KAIST_9_NZ_u0909 does not exist in this project.  Creating.
Read National Account query
Didn't find builder for National Account query going to use defaults
About to perform query: collection()/scenario
About to perform query: collection()/scenario[ (@name='KAIST_9_NZ_u0909' and @date='2026-30-9T23:02:09+09:00') ]/world/region/nationalAccount[@year>1975]/account/node()
In Function: 1790861962986
After Function: 1790861963188
Scenario KAIST_9_NZ_u0909 does not exist in this project.  Creating.
Read building service costs query
About to perform query: collection()/scenario
About to perform query: collection()/scenario[ (@name='KAIST_9_NZ_u0909' and @date='2026-30-9T23:02:09+09:00') ]/world/region/*[@type='sector' and (@name='building' or (exists(child::keyword[@final-energy='building'])))]/ cost/text()
In Function: 1790861963968
After Function: 1790861967107
Scenario KAIST_9_NZ_u0909 does not exist in this project.  Creating.
Read building service output by service query
About to perform query: collection()/scenario
About to perform query: collection()/scenario[ (@name='KAIST_9_NZ_u0909' and @date='2026-30-9T23:02:09+09:00') ]/world/region/*[@type='sector' and (@name='building' or (exists(child::keyword[@final-energy='building'])))]// output-primary[@type='output' (:collapse:)]/ physical-output/node()
In Function: 1790861967878
After Function: 1790861968728
Scenario KAIST_9_NZ_u0909 does not exist in this project.  Creating.
Read building total final energy by service query
About to perform query: collection()/scenario
About to perform query: collection()/scenario[ (@name='KAIST_9_NZ_u0909' and @date='2026-30-9T23:02:09+09:00') ]/world/region/*[@type='sector' and (@name='building' or (exists(child::keyword[@final-energy='building'])))]// *[@type='input' (:collapse:)]/demand-physical/node()
In Function: 1790861969502
After Function: 1790861970425
Scenario KAIST_9_NZ_u0909 does not exist in this project.  Creating.
Read costs of transport modes query
About to perform query: collection()/scenario
About to perform query: collection()/scenario[ (@name='KAIST_9_NZ_u0909' and @date='2026-30-9T23:02:09+09:00') ]/world/region/*[@type='sector' and (@name='transportation' or (exists(child::keyword[@final-energy='transportation'])))]/ *[@type='subsector']/cost/text()
In Function: 1790861971189
After Function: 1790861971635
Scenario KAIST_9_NZ_u0909 does not exist in this project.  Creating.
Read food demand query
About to perform query: collection()/scenario
About to perform query: collection()/scenario[ (@name='KAIST_9_NZ_u0909' and @date='2026-30-9T23:02:09+09:00') ]/world/region/gcam-consumer[@name='FoodDemand']//*[@type='input']/demand-physical/node()
In Function: 1790861972290
After Function: 1790861972418
Scenario KAIST_9_NZ_u0909 does not exist in this project.  Creating.
Read food demand prices query
About to perform query: collection()/scenario
About to perform query: collection()/scenario[ (@name='KAIST_9_NZ_u0909' and @date='2026-30-9T23:02:09+09:00') ]/world/region/gcam-consumer[@name='FoodDemand']//*[@type='input']/price-paid/node()
In Function: 1790861973023
After Function: 1790861973112
Scenario KAIST_9_NZ_u0909 does not exist in this project.  Creating.
Read food consumption by type (general) query
About to perform query: collection()/scenario
About to perform query: collection()/scenario[ (@name='KAIST_9_NZ_u0909' and @date='2026-30-9T23:02:09+09:00') ]/world/region/*[@type='sector' and (@name='FoodDemand_Staples' or @name='FoodDemand_NonStaples')]// *[@type='output']/physical-output/node()
In Function: 1790861973724
After Function: 1790861974073
Scenario KAIST_9_NZ_u0909 does not exist in this project.  Creating.
Read food consumption by type (specific) query
About to perform query: collection()/scenario
About to perform query: collection()/scenario[ (@name='KAIST_9_NZ_u0909' and @date='2026-30-9T23:02:09+09:00') ]/world/region/*[@type='sector' (:collapse:) and (@name='FoodDemand_Staples' or @name='FoodDemand_NonStaples' or @name='FoodDemand_NonStaples_Oils' or @name='FoodDemand_NonStaples_FruitsVeg' or @name='FoodDemand_NonStaples_PlantProtein' or @name='FoodDemand_NonStaples_Sugar' or @name='FoodDemand_NonStaples_OtherCrop' or @name='FoodDemand_NonStaples_Ruminant' or @name='FoodDemand_NonStaples_NonRuminant' or @name='FoodDemand_NonStaples_Dairy' or @name='FoodDemand_NonStaples_Fish')]// *[@type='subsector']//*[@type='technology']/ *[@type='output' (:collapse:)]/physical-output/node()
In Function: 1790861974729
After Function: 1790861975078
Scenario KAIST_9_NZ_u0909 does not exist in this project.  Creating.
Read population by region query
About to perform query: collection()/scenario
About to perform query: collection()/scenario[ (@name='KAIST_9_NZ_u0909' and @date='2026-30-9T23:02:09+09:00') ]/world/region/demographics/populationMiniCAM/total-population/node()
In Function: 1790861975775
After Function: 1790861975847
Scenario KAIST_9_NZ_u0909 does not exist in this project.  Creating.
Read subregional population query
About to perform query: collection()/scenario
About to perform query: collection()/scenario[ (@name='KAIST_9_NZ_u0909' and @date='2026-30-9T23:02:09+09:00') ]/world/region/gcam-consumer/subregional-population/node()
In Function: 1790861976481
After Function: 1790861976644
Scenario KAIST_9_NZ_u0909 does not exist in this project.  Creating.
Read subregional income query
About to perform query: collection()/scenario
About to perform query: collection()/scenario[ (@name='KAIST_9_NZ_u0909' and @date='2026-30-9T23:02:09+09:00') ]/world/region/gcam-consumer/subregional-percapita-income/node()
In Function: 1790861977300
After Function: 1790861977403
Scenario KAIST_9_NZ_u0909 does not exist in this project.  Creating.
Read primary energy consumption with CCS by region (direct equivalent) query
About to perform query: collection()/scenario
About to perform query:  declare function local:append-heirarchy($parent as node(), $append as node()*) as node() { let $scn := $parent/ancestor::scenario, $rgn := $parent (: /ancestor::region :) return document { element scenario { $scn/@*, element region { $rgn/@*, $append } } } (: I can get by with just the scenario and region let $new_node := element {local-name($parent)} {$parent/@*, $append} return if(local-name($parent) != 'scenario') then local:append-heirarchy($parent/parent::*, $new_node) else document { $new_node } :) }; declare function local:generate-sector-input-coefs($outputNameQueue as xs:string*, $currTree as node(), $coefs as node()*, $is_usa as xs:boolean) as node()* { if(empty($outputNameQueue)) then $coefs else if( exists($coefs[@name = $outputNameQueue[1]]) or exists(index-of(('biomass','traded oil', 'traded coal', 'traded natural gas', 'traded Afr_MidE pipeline gas', 'traded LA pipeline gas', 'traded PAC pipeline gas', 'traded N.Amer pipeline gas', 'traded RUS pipeline gas', 'traded EUR pipeline gas', 'traded LNG', 'regional corn for ethanol', 'regional biomassOil', 'regional sugar for ethanol', 'regional sugarbeet for ethanol', 'regional woodpulp for energy'),$outputNameQueue[1])) or not($currTree/*[@type='sector' and @name=$outputNameQueue[1]]))then(:if(not($is_usa) and string-length($currTree/@name) = 2) thenlocal:trace-inputs($outputName, $currTree/parent::*/*[@type='region' and @name='USA'], $outputs, true())else:)local:generate-sector-input-coefs(remove($outputNameQueue, 1), $currTree, $coefs, $is_usa) else let $outputName := $outputNameQueue[1], $newOutputNameQueue := remove($outputNameQueue, 1), $useOutputs := $currTree//output-primary[@type='output' and @name=$outputName], $useInputs := for $out in $useOutputs[not(following-sibling::keyword[exists(@primary-renewable)])] return $out/following-sibling::*[@type='input' and not(@name='oil-credits') and not(starts-with(@name, 'water_td'))], $renewOutputs := for $out in $useOutputs[following-sibling::keyword[exists(@primary-renewable)]] return element output { attribute name { $out/following-sibling::keyword/@primary-renewable }, $out/child::* }, $totalOutputSum := for $vintage in distinct-values($useOutputs/physical-output/@vintage) return element output { attribute vintage { $vintage }, text { sum($useOutputs/physical-output[@vintage=$vintage]) } }, $new_coefs := $coefs | element sector { attribute name { $outputName }, for $input in distinct-values($useInputs/@name) return element input { attribute name { $input }, for $outputSum in $totalOutputSum let $inputSum := sum($useInputs[@name=$input]/demand-physical[@vintage=$outputSum/@vintage]) where $inputSum > 0 return element coef { attribute vintage { $outputSum/@vintage }, text { $inputSum div $outputSum } } }, for $input in distinct-values($renewOutputs/@name) return element input { attribute name { concat($input, ' renewable') }, attribute is-renewable { true() }, for $outputSum in $totalOutputSum let $inputSum := sum($renewOutputs[@name=$input]/physical-output[@vintage=$outputSum/@vintage]) where $inputSum > 0 return element coef { attribute vintage { $outputSum/@vintage }, text { $inputSum div $outputSum } } } } return local:generate-sector-input-coefs(distinct-values(($newOutputNameQueue, $useInputs/@name)), $currTree, $new_coefs, $is_usa)}; declare function local:generate-ccs-coefs($currTree as node(), $coefs as node()*) as node()* { for $sector in $coefs/@name let $currSector := $currTree/*[@type='sector' and @name=$sector], $useInputs := $currSector//*[@type='technology' and not(contains(@name, 'CCS')) and not(child::keyword/@primary-renewable)]/*[@type='input' and not(@name='oil-credits') and not(starts-with(@name, 'water_td'))], $useInputsCCS := $currSector//*[@type='technology' and contains(@name, 'CCS')]/*[@type='input' and not(@name='oil-credits') and not(starts-with(@name, 'water_td'))], $totalOutputSum := for $vintage in distinct-values($useInputs/demand-physical/@vintage | $useInputsCCS/demand-physical/@vintage) return element output { attribute vintage { $vintage }, text { sum($currSector//output-primary/physical-output[@vintage=$vintage]) } } return if(exists($useInputsCCS)) then element sector { attribute name { $sector }, $coefs[@name=$sector]/input[@is-renewable], for $input in distinct-values(($useInputs/@name, $useInputsCCS/@name)) return element input { attribute name { $input }, for $outputSum in $totalOutputSum let $inputSum := sum($useInputs[@name=$input]/demand-physical[@vintage=$outputSum/@vintage]), $inputSumCCS := sum($useInputsCCS[@name=$input]/demand-physical[@vintage=$outputSum/@vintage]) return (element coef { attribute vintage { $outputSum/@vintage }, text { $inputSum div $outputSum } }, element coef_ccs { attribute vintage { $outputSum/@vintage }, text { $inputSumCCS div $outputSum } }) } } else $coefs[@name=$sector] }; declare function local:apply-coefs($outputName as xs:string, $outputs as node()*, $coefs as node()*, $isCCS as xs:boolean) as node()* { if(exists($coefs[@name=$outputName]) and sum($outputs) > 0.001) then for $input in $coefs[@name=$outputName]/input return local:apply-coefs($input/@name, for $vintage in distinct-values($outputs/@vintage) let $outputThisVintage := $outputs[@vintage=$vintage], $firstOutput := $outputThisVintage[1], $outputSum := sum($outputThisVintage), $coefThisVintage := $input/coef[@vintage=$vintage] where $coefThisVintage > 0 return element { local-name($firstOutput) } { $firstOutput/@*, text{ $outputSum * $coefThisVintage } }, $coefs, $isCCS) | local:apply-coefs($input/@name, for $vintage in distinct-values($outputs/@vintage) let $outputThisVintage := $outputs[@vintage=$vintage], $firstOutput := $outputThisVintage[1], $outputSum := sum($outputThisVintage), $coefThisVintage := $input/coef_ccs[@vintage=$vintage] where exists($coefThisVintage) and $coefThisVintage > 0 return element { local-name($firstOutput) } { $firstOutput/@*, text{ $outputSum * $coefThisVintage } }, $coefs, true()) else if( sum($outputs) > 0.001) then element input { attribute name { if($isCCS) then concat($outputName, ' CCS') else $outputName }, attribute type { 'input' }, (: $outputs :) (: TODO: not sure why this doesn't work and we need to create these explicitly :) for $o in $outputs return element demand-physical { $o/@*, text{ $o/text() } } } else (: These are the residuals from chasing simulenaties, I've left this here for debuging purposes :) element input { attribute name { $outputName }, attribute type { 'input' } (:, $outputs :) } };declare function local:run-input-by-primary($scenarios as xs:string*, $regions as xs:string*, $collection as xs:string*) as node()* { unordered { let $regionsG := if(not($regions[1] = 'Global')) then $regions else distinct-values(collection($collection)/scenario/world/*[@type='region']/@name) return for $scenario in $scenarios, $region in $regionsG let $scenario_split := tokenize($scenario, ' '), $currTree := collection($collection)/scenario[@name = $scenario_split[1] and @date = $scenario_split[2]]/world/*[@type='region' and @name=$region], $currInputs := $currTree/*[@type='sector' and (@name='unconventional oil production' or exists(child::keyword/@final-energy))]//*[@type='input' and empty(index-of(('trn_pass_road', 'limestone', 'process heat cement', 'industrial energy use', 'industrial feedstocks', 'renewable', 'trn_freight_road', 'trn_pass_road_LDV', 'trn_pass_road_LDV_2W', 'trn_pass_road_LDV_4W', 'unconventional oil', 'oil-credits', 'scrap', 'alumina', 'process heat paper', 'waste biomass for paper', 'process heat food processing', 'water_td_ind_W', 'water_td_ind_C'), @name))], $coefs := local:generate-sector-input-coefs(distinct-values($currInputs/@name), $currTree, (), false()), $ccs_coefs := local:generate-ccs-coefs($currTree, $coefs) return for $inputName in distinct-values($currInputs/@name) return local:append-heirarchy($currTree, local:apply-coefs($inputName, $currInputs[@name=$inputName]/demand-physical, $ccs_coefs, false()))//text() } };local:run-input-by-primary(('KAIST_9_NZ_u0909 2026-30-9T23:02:09+09:00'), ('Global'), ()) 
In Function: 1790861978043
After Function: 1790862197942
Scenario KAIST_9_NZ_u0909 does not exist in this project.  Creating.
Read resource production query
About to perform query: collection()/scenario
About to perform query: collection()/scenario[ (@name='KAIST_9_NZ_u0909' and @date='2026-30-9T23:02:09+09:00') ]/world/region/*[@type='resource']//output/node()
In Function: 1790862198758
After Function: 1790862199227
Scenario KAIST_9_NZ_u0909 does not exist in this project.  Creating.
Read resource production by tech and vintage query
About to perform query: collection()/scenario
About to perform query: collection()/scenario[ (@name='KAIST_9_NZ_u0909' and @date='2026-30-9T23:02:09+09:00') ]/world/region/*[@type='resource']/*[@type='subresource']/ *[@type='technology']/output-primary[@type='output' (:collapse:)]/physical-output/node()
In Function: 1790862200036
After Function: 1790862200525
Scenario KAIST_9_NZ_u0909 does not exist in this project.  Creating.
Read refined liquids production by cooling tech and vintage query
About to perform query: collection()/scenario
About to perform query: collection()/scenario[ (@name='KAIST_9_NZ_u0909' and @date='2026-30-9T23:02:09+09:00') ]/world/region/*[@type='sector' and contains(@name,'refining')]/*[@type='subsector']/ *[@type='technology']/*[@type='output']/physical-output/node()
In Function: 1790862201206
After Function: 1790862201410
Scenario KAIST_9_NZ_u0909 does not exist in this project.  Creating.
Read hydrogen production by cooling tech and vintage query
About to perform query: collection()/scenario
About to perform query: collection()/scenario[ (@name='KAIST_9_NZ_u0909' and @date='2026-30-9T23:02:09+09:00') ]/world/region/*[@type='sector' and (@name='H2 central production' or @name='H2 industrial' or @name='H2 LDV' or @name='H2 MHDV' or @name='LH2')]/ *[@type='subsector' and not (@name='H2 delivery')]/*[@type='technology']/*[@type='output']/ physical-output/node()
In Function: 1790862202079
After Function: 1790862202348
Scenario KAIST_9_NZ_u0909 does not exist in this project.  Creating.
Read regional primary energy prices query
About to perform query: collection()/scenario
About to perform query: collection()/scenario[ (@name='KAIST_9_NZ_u0909' and @date='2026-30-9T23:02:09+09:00') ]/world/region/*[@type = 'sector' and (@name='regional oil' or @name='regional natural gas' or @name='regional coal' or @name='regional biomass' or @name='nuclearFuelGenIII')]/ cost/text()
In Function: 1790862203017
After Function: 1790862203226
Scenario KAIST_9_NZ_u0909 does not exist in this project.  Creating.
Read elec gen by subsector query
About to perform query: collection()/scenario
About to perform query: collection()/scenario[ (@name='KAIST_9_NZ_u0909' and @date='2026-30-9T23:02:09+09:00') ]/world/region/*[@type='sector' (:collapse:) and (@name='electricity' or @name='elect_td_bld')]/ *[@type='subsector' and not (@name='elect_td_bld')]//*[@type='output']/ physical-output/node()
In Function: 1790862203869
After Function: 1790862204193
Scenario KAIST_9_NZ_u0909 does not exist in this project.  Creating.
Read elec gen by gen tech query
About to perform query: collection()/scenario
About to perform query: collection()/scenario[ (@name='KAIST_9_NZ_u0909' and @date='2026-30-9T23:02:09+09:00') ]/world/region/*[@type='sector' (:collapse:) and (@name='electricity' or @name='elect_td_bld' or @name='industrial energy use')]/ *[@type='subsector']/*[@type='technology' and not (@name='electricity' or @name='elect_td_bld')]/ *[@type='output' and (@name='electricity' or @name='elect_td_bld')]/ physical-output/node()
In Function: 1790862204848
After Function: 1790862205104
Scenario KAIST_9_NZ_u0909 does not exist in this project.  Creating.
Read elec gen by gen tech and cooling tech and vintage query
About to perform query: collection()/scenario
About to perform query: collection()/scenario[ (@name='KAIST_9_NZ_u0909' and @date='2026-30-9T23:02:09+09:00') ]/world/region/*[@type='sector' and (@name='electricity' or @name='elect_td_bld' or contains(@name,'elec_')) and not(contains(@name, 'water_td'))]/ *[@type='subsector' and not (@name='elect_td_bld')]/ *[@type='technology' and not(@name='biomass (conv)' or @name='biomass (conv CCS)' or @name='biomass (IGCC)' or @name='biomass (IGCC CCS)' or @name='coal (conv pul)' or @name='coal (conv pul CCS)' or @name='coal (IGCC)' or @name='coal (IGCC CCS)' or @name='gas (steam/CT)' or @name='gas (CC)' or @name='gas (CC CCS)' or @name='refined liquids (steam/CT)' or @name='refined liquids (CC)' or @name='refined liquids (CC CCS)' or @name='geothermal' or @name='Gen_II_LWR' or @name='Gen_III' or @name='CSP' or @name='CSP_storage')]/ *[@type='output']/physical-output/node() 
In Function: 1790862205781
After Function: 1790862206298
Scenario KAIST_9_NZ_u0909 does not exist in this project.  Creating.
Read refined liquids production by region query
About to perform query: collection()/scenario
About to perform query: collection()/scenario[ (@name='KAIST_9_NZ_u0909' and @date='2026-30-9T23:02:09+09:00') ]/world/region/*[@type='sector' (:collapse:) and (@name='refining')]// output-primary[@type='output']/physical-output/node()
In Function: 1790862207381
After Function: 1790862207619
Scenario KAIST_9_NZ_u0909 does not exist in this project.  Creating.
Read refined liquids production by tech query
About to perform query: collection()/scenario
About to perform query: collection()/scenario[ (@name='KAIST_9_NZ_u0909' and @date='2026-30-9T23:02:09+09:00') ]/world/region/*[@type='sector' and contains(@name,'refining')]/*[@type='subsector']/ *[@type='technology']/output-primary[@type='output']/physical-output/node()
In Function: 1790862208363
After Function: 1790862208604
Scenario KAIST_9_NZ_u0909 does not exist in this project.  Creating.
Read hydrogen production by tech query
About to perform query: collection()/scenario
About to perform query: collection()/scenario[ (@name='KAIST_9_NZ_u0909' and @date='2026-30-9T23:02:09+09:00') ]/world/region/*[@type='sector' and (@name='H2 central production' or @name='H2 industrial' or @name='H2 LDV' or @name='H2 MHDV' or @name='LH2')]/ *[@type='subsector' and not (@name='H2 delivery')]/*[@type='technology']/*[@type='output' (:collapse:)]/ physical-output/node()
In Function: 1790862209281
After Function: 1790862209529
Scenario KAIST_9_NZ_u0909 does not exist in this project.  Creating.
Read gas production by tech query
About to perform query: collection()/scenario
About to perform query: collection()/scenario[ (@name='KAIST_9_NZ_u0909' and @date='2026-30-9T23:02:09+09:00') ]/world/region/*[@type='sector' and (@name='gas processing')]/*[@type='subsector']/ *[@type='technology']/*[@type='output' (:collapse:)]/physical-output/node()
In Function: 1790862210188
After Function: 1790862210363
Scenario KAIST_9_NZ_u0909 does not exist in this project.  Creating.
Read district heat production by subsector (fuel) query
About to perform query: collection()/scenario
About to perform query: collection()/scenario[ (@name='KAIST_9_NZ_u0909' and @date='2026-30-9T23:02:09+09:00') ]/world/region/*[@type='sector' and (@name='district heat')]/*[@type='subsector']// *[@type='output']/physical-output/node()
In Function: 1790862210984
After Function: 1790862211145
Scenario KAIST_9_NZ_u0909 does not exist in this project.  Creating.
Read final energy consumption by sector and fuel query
About to perform query: collection()/scenario
About to perform query: collection()/scenario[ (@name='KAIST_9_NZ_u0909' and @date='2026-30-9T23:02:09+09:00') ]/world/region/*[@type='sector' and ((@name='building' or @name='industry' or @name='transportation') or (exists(child::keyword/@final-energy)))]//*[@type='input' and not(@name='limestone' or @name='process heat cement' or @name='process heat food processing' or @name='industrial energy use' or @name='process heat paper' or @name='waste biomass for paper' or @name='industrial feedstocks' or @name='renewable' or contains(@name, 'trn_') or @name='oil-credits')]/ demand-physical[@unit='EJ']/node()
In Function: 1790862211758
After Function: 1790862213578
Scenario KAIST_9_NZ_u0909 does not exist in this project.  Creating.
Read building floorspace query
About to perform query: collection()/scenario
About to perform query: collection()/scenario[ (@name='KAIST_9_NZ_u0909' and @date='2026-30-9T23:02:09+09:00') ]/world/region/gcam-consumer//floorspace/node()
In Function: 1790862214681
After Function: 1790862214847
Scenario KAIST_9_NZ_u0909 does not exist in this project.  Creating.
Read industry primary output by sector query
About to perform query: collection()/scenario
About to perform query: collection()/scenario[ (@name='KAIST_9_NZ_u0909' and @date='2026-30-9T23:02:09+09:00') ]/world/region/*[@type='sector' and (@name='industry' or (exists(child::keyword[@final-energy='industry'])))]//output-primary/physical-output/node()
In Function: 1790862215489
After Function: 1790862216131
Scenario KAIST_9_NZ_u0909 does not exist in this project.  Creating.
Read industry final energy by tech and fuel query
About to perform query: collection()/scenario
About to perform query: collection()/scenario[ (@name='KAIST_9_NZ_u0909' and @date='2026-30-9T23:02:09+09:00') ]/world/region/*[@type='sector' and (@name='industry' or (exists(child::keyword[@final-energy='industry'])))]/*[@type='subsector']/*[@type='technology']/*[@type='input' and (@name='delivered biomass' or @name='delivered coal' or @name='district heat' or@name='H2 wholesale delivery' or @name='H2 LDV' or @name='H2 MHDV' or @name='LH2' or @name='H2 industrial' or@name='elect_td_ind' or @name='wholesale gas' or @name='regional woodpulp for energy' or@name='refined liquids industrial' or @name='global solar resource')]/demand-physical/node()
In Function: 1790862216893
After Function: 1790862217573
Scenario KAIST_9_NZ_u0909 does not exist in this project.  Creating.
Read transport final energy by mode and fuel query
About to perform query: collection()/scenario
About to perform query: collection()/scenario[ (@name='KAIST_9_NZ_u0909' and @date='2026-30-9T23:02:09+09:00') ]/world/region/*[@type='sector' and (@name='transportation' or (exists(child::keyword[@final-energy='transportation'])))]/ *[@type='subsector']//*[@type='input' and not (@name='renewable')]/ demand-physical[@unit='EJ']/node()
In Function: 1790862218453
After Function: 1790862218983
Scenario KAIST_9_NZ_u0909 does not exist in this project.  Creating.
Read fuel prices to transport query
About to perform query: collection()/scenario
About to perform query: collection()/scenario[ (@name='KAIST_9_NZ_u0909' and @date='2026-30-9T23:02:09+09:00') ]/world/region/*[@type='sector' and (@name='delivered gas' or @name='delivered coal' or @name='elect_td_trn' or @name='refined liquids enduse' or @name='H2 LDV' or @name='H2 MHDV' or @name='LH2')]/cost/text()
In Function: 1790862219690
After Function: 1790862219894
Scenario KAIST_9_NZ_u0909 does not exist in this project.  Creating.
Read elec td inputs and outputs query
About to perform query: collection()/scenario
About to perform query: collection()/scenario[ (@name='KAIST_9_NZ_u0909' and @date='2026-30-9T23:02:09+09:00') ]/world/region/*[@type='sector' and (@name='electricity' or @name='electricity_net_ownuse' or @name='elect_td_bld' or @name='elect_td_ind' or @name='elect_td_trn')]/ *[@type='subsector' (:collapse:)]/*[@type='technology' (:collapse:) and not (@name='rooftop_pv')]/ *[@type='output' (:collapse:)]/physical-output/node()
In Function: 1790862220532
After Function: 1790862220820
Scenario KAIST_9_NZ_u0909 does not exist in this project.  Creating.
Read regional biomass consumption query
About to perform query: collection()/scenario
About to perform query: collection()/scenario[ (@name='KAIST_9_NZ_u0909' and @date='2026-30-9T23:02:09+09:00') ]/world/region/*[@type='sector' and (@name='regional biomass')]//*[@type='input']/ demand-physical/node()
In Function: 1790862221463
After Function: 1790862221618
Scenario KAIST_9_NZ_u0909 does not exist in this project.  Creating.
Read ag production by crop type query
About to perform query: collection()/scenario
About to perform query: collection()/scenario[ (@name='KAIST_9_NZ_u0909' and @date='2026-30-9T23:02:09+09:00') ]/world/region/*[@type='sector' and (local-name()='AgSupplySector')]// output-primary/physical-output/node()
In Function: 1790862222229
After Function: 1790862225791
Scenario KAIST_9_NZ_u0909 does not exist in this project.  Creating.
Read ag export to the world center (USA) (Intl. Armington competition) query
About to perform query: collection()/scenario
About to perform query: collection()/scenario[ (@name='KAIST_9_NZ_u0909' and @date='2026-30-9T23:02:09+09:00') ]/world/region[ (@name='USA') ]/*[@type='sector' and contains(@name, 'traded')]/*[@type='subsector']//*[@type='input']/demand-physical[@unit='Mt' or @unit='billion m3']/node()
In Function: 1790862227162
After Function: 1790862227392
Scenario KAIST_9_NZ_u0909 does not exist in this project.  Creating.
Read ag import vs. domestic supply (Regional Armington competition) query
About to perform query: collection()/scenario
About to perform query: collection()/scenario[ (@name='KAIST_9_NZ_u0909' and @date='2026-30-9T23:02:09+09:00') ]/world/region/*[@type='sector' and (contains(@name, 'total') or contains(@name, 'regional'))]/*[@type='subsector']//*[@type='input']/demand-physical[@unit='Mt' or @unit='billion m3']/node()
In Function: 1790862228083
After Function: 1790862228564
Scenario KAIST_9_NZ_u0909 does not exist in this project.  Creating.
Read meat and dairy production by type query
About to perform query: collection()/scenario
About to perform query: collection()/scenario[ (@name='KAIST_9_NZ_u0909' and @date='2026-30-9T23:02:09+09:00') ]/world/region/*[@type='sector' and (@name='Beef' or @name='SheepGoat' or @name='Pork' or @name='Dairy' or @name='Poultry')]// *[@type='output']/physical-output/node()
In Function: 1790862229319
After Function: 1790862229630
Scenario KAIST_9_NZ_u0909 does not exist in this project.  Creating.
Read demand balances by crop commodity query
About to perform query: collection()/scenario
About to perform query: collection()/scenario[ (@name='KAIST_9_NZ_u0909' and @date='2026-30-9T23:02:09+09:00') ]/world/region/*[@type='sector']//*[@type='input' and (@name='regional corn' or @name='regional fibercrop' or @name='regional fruits' or @name='regional legumes' or @name='regional misccrop' or @name='regional nuts_seeds' or @name='regional oilcrop' or @name='regional othergrain' or @name='regional oilpalm' or @name='regional rice' or @name='regional root_tuber' or @name='regional soybean' or @name='regional sugarcrop' or @name='regional vegetables' or @name='regional wheat' or @name='FodderGrass' or @name='FodderHerb' or @name='Forest' or @name='Pasture' or @name='regional sawnwood' or @name='regional woodpulp')]/ demand-physical/node()
In Function: 1790862230294
After Function: 1790862235712
Scenario KAIST_9_NZ_u0909 does not exist in this project.  Creating.
Read demand balances by meat and dairy commodity query
About to perform query: collection()/scenario
About to perform query: collection()/scenario[ (@name='KAIST_9_NZ_u0909' and @date='2026-30-9T23:02:09+09:00') ]/world/region/*[@type='sector']//*[@type='input' and (@name='regional beef' or @name='regional dairy' or @name='regional pork' or @name='regional poultry' or @name='regional sheepgoat' or @name='OtherMeat_Fish')]/ demand-physical/node()
In Function: 1790862236537
After Function: 1790862241298
Scenario KAIST_9_NZ_u0909 does not exist in this project.  Creating.
Read ammonia and N fertilizer prices query
About to perform query: collection()/scenario
About to perform query: collection()/scenario[ (@name='KAIST_9_NZ_u0909' and @date='2026-30-9T23:02:09+09:00') ]/world/region/*[@type='sector' and (@name='N fertilizer') or contains(@name, 'ammonia')]/cost/text()
In Function: 1790862241925
After Function: 1790862242074
Scenario KAIST_9_NZ_u0909 does not exist in this project.  Creating.
Read fertilizer consumption by region query
About to perform query: collection()/scenario
About to perform query: collection()/scenario[ (@name='KAIST_9_NZ_u0909' and @date='2026-30-9T23:02:09+09:00') ]/world/region/*[@type='sector' (:collapse:) and not (@name='Exports_N fertilizer')]// *[@type='input' and (@name='N fertilizer')]/demand-physical/node()
In Function: 1790862242696
After Function: 1790862248937
Scenario KAIST_9_NZ_u0909 does not exist in this project.  Creating.
Read purpose-grown biomass production query
About to perform query: collection()/scenario
About to perform query: collection()/scenario[ (@name='KAIST_9_NZ_u0909' and @date='2026-30-9T23:02:09+09:00') ]/world/region/*[@type='sector' and (@name='biomass')]//*[@type='output' (:collapse:)]/ physical-output/node()
In Function: 1790862249971
After Function: 1790862250377
Scenario KAIST_9_NZ_u0909 does not exist in this project.  Creating.
Read residue biomass production query
About to perform query: collection()/scenario
About to perform query: collection()/scenario[ (@name='KAIST_9_NZ_u0909' and @date='2026-30-9T23:02:09+09:00') ]/world/region/*[@type='sector' and not(@name='biomass')]//*[@type='output' and @name='biomass']/physical-output/node()
In Function: 1790862251022
After Function: 1790862256707
Scenario KAIST_9_NZ_u0909 does not exist in this project.  Creating.
Read MSW production query
About to perform query: collection()/scenario
About to perform query: collection()/scenario[ (@name='KAIST_9_NZ_u0909' and @date='2026-30-9T23:02:09+09:00') ]/world/region/*[@type='resource' and (@name='biomass')]//output/node()
In Function: 1790862257745
After Function: 1790862257881
Scenario KAIST_9_NZ_u0909 does not exist in this project.  Creating.
Read LUC emissions by region query
Didn't find builder for LUC emissions by region query going to use defaults
About to perform query: collection()/scenario
About to perform query: collection()/scenario[ (@name='KAIST_9_NZ_u0909' and @date='2026-30-9T23:02:09+09:00') ]/world/region//LandNode[@name='root' or @type='LandNode' (:collapse:)]// land-use-change-emission[@year>1970]/text()
In Function: 1790862258458
After Function: 1790862264034
Scenario KAIST_9_NZ_u0909 does not exist in this project.  Creating.
Read land allocation by crop and water source query
Didn't find builder for land allocation by crop and water source query going to use defaults
About to perform query: collection()/scenario
About to perform query:  declare function local:nest-land-category($leaf as node(), $level as xs:string, $child as node()*) as node() { let $attrMatch := $leaf/@*[name()=$level], $attrValue := if(exists($attrMatch)) then string($attrMatch) else "NA" return element { $level } { attribute name { $attrValue }, $child } }; declare function local:run-nest-land-categories($scenarios as xs:string*, $regions as xs:string*, $collection as xs:string*) as node()* { let $regionsG := if(not($regions[1] = 'Global')) then $regions else distinct-values(collection($collection)/scenario/world/*[@type='region']/@name) return for $scenario in $scenarios, $region in $regionsG let $scenario_split := tokenize($scenario, ' '), $currTree := collection($collection)/scenario[@name = $scenario_split[1] and @date = $scenario_split[2]]/world/*[@type='region' and @name=$region], $landLeaves := $currTree//LandNode[@name='root' or @type='LandNode' (:collapse:)]//LandLeaf, $ret := document { element scenario { attribute name { $scenario_split[1] }, attribute date { $scenario_split[2] }, element region { attribute type { "region" }, attribute name { $region }, for $leaf in $landLeaves (: TODO: not sure why I have to explicitly copy the land-allocation :) let $copy := for $landAlloc in $leaf/land-allocation return element land-allocation { $landAlloc/@*, text { $landAlloc/text() } } (: A user could choose to nest by recursively calling for any of: ("crop", "land-region", "water", "mgmt-tech") :) return local:nest-land-category($leaf, "crop", local:nest-land-category($leaf, "water", $copy)) } } } return $ret//text() }; local:run-nest-land-categories(('KAIST_9_NZ_u0909 2026-30-9T23:02:09+09:00'), ('Global'), ()) 
In Function: 1790862268378
After Function: 1790862275141
Scenario KAIST_9_NZ_u0909 does not exist in this project.  Creating.
Read aggregated land allocation query
Didn't find builder for aggregated land allocation query going to use defaults
About to perform query: collection()/scenario
About to perform query: collection()/scenario[ (@name='KAIST_9_NZ_u0909' and @date='2026-30-9T23:02:09+09:00') ]/world/region//LandNode[@name='root' or @type='LandNode' (:collapse:)]//land-allocation/text()
In Function: 1790862277189
After Function: 1790862281929
Scenario KAIST_9_NZ_u0909 does not exist in this project.  Creating.
Read CO2 prices query
About to perform query: collection()/scenario
About to perform query: collection()/scenario[ (@name='KAIST_9_NZ_u0909' and @date='2026-30-9T23:02:09+09:00') ]/world/Marketplace/market[true() and contains(@name,'CO2')]/price/node()
In Function: 1790862284087
After Function: 1790862284449
Scenario KAIST_9_NZ_u0909 does not exist in this project.  Creating.
Read CO2 emissions by region query
About to perform query: collection()/scenario
About to perform query: collection()/scenario[ (@name='KAIST_9_NZ_u0909' and @date='2026-30-9T23:02:09+09:00') ]/world/region/*[@type = 'sector' (:collapse:) or @type = 'resource' (:collapse:)](: / *[@type = 'subresource' (: collapse :)] :)//*[((@name='CO2' or @name = 'CO2_FUG'))]/emissions/node()
In Function: 1790862285083
After Function: 1790862291081
Scenario KAIST_9_NZ_u0909 does not exist in this project.  Creating.
Read CO2 emissions by resource production query
About to perform query: collection()/scenario
About to perform query: collection()/scenario[ (@name='KAIST_9_NZ_u0909' and @date='2026-30-9T23:02:09+09:00') ]/world/region/*[@type = 'resource']//*[@type = 'GHG' and (@name = 'CO2' or @name = 'CO2_FUG')]/emissions/node()
In Function: 1790862291965
After Function: 1790862292459
Scenario KAIST_9_NZ_u0909 does not exist in this project.  Creating.
Read CO2 emissions by sector (no bio) (excluding resource production) query
About to perform query: collection()/scenario
About to perform query:  declare function local:append-heirarchy($parent as node(), $append as node()*) as node() { let $scn := $parent/ancestor::scenario, $rgn := $parent (: /ancestor::region :) return document { element scenario { $scn/@*, element region { $rgn/@*, $append } } } (: I can get by with just the scenario and region let $new_node := element {local-name($parent)} {$parent/@*, $append} return if(local-name($parent) != 'scenario') then local:append-heirarchy($parent/parent::*, $new_node) else document { $new_node } :) }; declare function local:get-carbon-coef($good as xs:string) as xs:decimal { let $carbonCoefs := ( <PrimaryFuelCO2Coef name="biomass">0</PrimaryFuelCO2Coef>, <PrimaryFuelCO2Coef name="coal">27.3</PrimaryFuelCO2Coef>, <PrimaryFuelCO2Coef name="crude oil">19.6</PrimaryFuelCO2Coef>, <PrimaryFuelCO2Coef name="delivered biomass">23</PrimaryFuelCO2Coef>, <PrimaryFuelCO2Coef name="delivered coal">27.3</PrimaryFuelCO2Coef>, <PrimaryFuelCO2Coef name="delivered gas">14.2</PrimaryFuelCO2Coef>, <PrimaryFuelCO2Coef name="gas pipeline">14.2</PrimaryFuelCO2Coef>, <PrimaryFuelCO2Coef name="gas processing">14.2</PrimaryFuelCO2Coef>, <PrimaryFuelCO2Coef name="limestone">0.08</PrimaryFuelCO2Coef>, <PrimaryFuelCO2Coef name="natural gas">14.2</PrimaryFuelCO2Coef>, <PrimaryFuelCO2Coef name="refined liquids enduse">19.6</PrimaryFuelCO2Coef>, <PrimaryFuelCO2Coef name="refined liquids industrial">19.6</PrimaryFuelCO2Coef>, <PrimaryFuelCO2Coef name="refining">19.6</PrimaryFuelCO2Coef>, <PrimaryFuelCO2Coef name="regional biomass">23</PrimaryFuelCO2Coef>, <PrimaryFuelCO2Coef name="regional biomassOil">19.6</PrimaryFuelCO2Coef>, <PrimaryFuelCO2Coef name="regional coal">27.3</PrimaryFuelCO2Coef>, <PrimaryFuelCO2Coef name="regional corn for ethanol">19.6</PrimaryFuelCO2Coef>, <PrimaryFuelCO2Coef name="regional natural gas">14.2</PrimaryFuelCO2Coef>, <PrimaryFuelCO2Coef name="regional oil">19.6</PrimaryFuelCO2Coef>, <PrimaryFuelCO2Coef name="regional sugar for ethanol">19.6</PrimaryFuelCO2Coef>, <PrimaryFuelCO2Coef name="regional woodpulp for energy">23</PrimaryFuelCO2Coef>, <PrimaryFuelCO2Coef name="traded unconventional oil">19.6</PrimaryFuelCO2Coef>, <PrimaryFuelCO2Coef name="unconventional oil">21.1</PrimaryFuelCO2Coef>, <PrimaryFuelCO2Coef name="unconventional oil production">19.6</PrimaryFuelCO2Coef>, <PrimaryFuelCO2Coef name="wholesale gas">14.2</PrimaryFuelCO2Coef>), $currCoef := $carbonCoefs[@name=$good]/text() return if(exists($currCoef)) then $currCoef else 0.0 }; declare function local:is-carbonatious-fuel($good as xs:string) as xs:boolean { not(local:get-carbon-coef($good) = 0.0) }; declare function local:generate-sector-output-coefs($inputNameQueue as xs:string*, $currTree as node(), $coefs as node()*, $is_usa as xs:boolean) as node()* { if(empty($inputNameQueue)) then $coefs else if( exists($coefs[@name = $inputNameQueue[1]]) or exists(index-of(('traded unconventional oil'), $inputNameQueue[1])) or not($currTree/*[@type='sector' and @name=$inputNameQueue[1]]) or not(local:is-carbonatious-fuel($inputNameQueue[1]))) then local:generate-sector-output-coefs(remove($inputNameQueue, 1), $currTree, $coefs, $is_usa) else let $inputName := $inputNameQueue[1], $newInputNameQueue := remove($inputNameQueue, 1), $useInputs := $currTree//*[@type='input' and @name=$inputName], $useSectors := distinct-values($useInputs/ancestor::*[@type='sector']/@name), $totalInputSum := for $vintage in distinct-values($useInputs/demand-physical/@vintage) return element input { attribute vintage { $vintage }, text { sum($useInputs/demand-physical[@vintage=$vintage]) } }, $new_coefs := if(empty($useSectors)) then $coefs else $coefs | element sector { attribute name { $inputName }, for $output in $useSectors return element output { attribute name { $output }, for $inputSum in $totalInputSum let $currSectorInputs := $useInputs[ancestor::*[@type='sector' and @name=$output]], $outputSum := sum($currSectorInputs/demand-physical[@vintage=$inputSum/@vintage]), $carbonIn := sum($currSectorInputs/parent::*//carbon-content[@vintage=$inputSum/@vintage]), $carbonOut := sum($currSectorInputs/parent::*/output-primary/physical-output[@vintage=$inputSum/@vintage]) * local:get-carbon-coef($output) return (element share { attribute vintage { $inputSum/@vintage }, text { $outputSum div $inputSum } }, element carbon_ratio { attribute vintage { $inputSum/@vintage }, text{ if($carbonIn > 0) then $carbonOut div $carbonIn else 0 } }) } } return local:generate-sector-output-coefs(distinct-values(($newInputNameQueue, $useSectors)), $currTree, $new_coefs, $is_usa) }; declare function local:apply-coefs($outputName as xs:string, $emissions as node()*, $coefs as node()*) as node()* { if(exists($coefs[@name=$outputName]) and abs(sum($emissions)) > 0.001) then for $output in $coefs[@name=$outputName]/output let $emiss_go := for $year in distinct-values($emissions/@year) let $emissThisVintage := $emissions[@year=$year], $firstEmiss := $emissThisVintage[1], $emissSum := sum($emissThisVintage), $shareThisVintage := $output/share[@vintage=$year], $carbonRatioThisVintage := $output/carbon_ratio[@vintage=$year], $coefThisVintage := $shareThisVintage * $carbonRatioThisVintage where $coefThisVintage > 0 return element { local-name($firstEmiss) } { $firstEmiss/@*, text{ $emissSum * $coefThisVintage } }, $emiss_stay := for $year in distinct-values($emissions/@year) let $emissThisVintage := $emissions[@year=$year], $firstEmiss := $emissThisVintage[1], $emissSum := sum($emissThisVintage), $shareThisVintage := $output/share[@vintage=$year], $carbonRatioThisVintage := 1.0 - $output/carbon_ratio[@vintage=$year], $coefThisVintage := $shareThisVintage * $carbonRatioThisVintage where $coefThisVintage > 0 return element { local-name($firstEmiss) } { $firstEmiss/@*, text{ $emissSum * $coefThisVintage } } return local:apply-coefs($output/@name, $emiss_go, $coefs) | element sector { attribute name { $output/@name}, attribute type { 'sector' }, $emiss_stay } else if( abs(sum($emissions)) > 0.001) then element sector { attribute name { $outputName }, attribute type { 'sector' }, $emissions } else (: These are the residuals from chasing simulenaties, I've left this here for debuging purposes :) element sector { attribute name { $outputName }, attribute type { 'sector' }(:, $emissions:) } }; declare function local:run-emiss-by-enduse($scenarios as xs:string*, $regions as xs:string*, $collection as xs:string*) as node()* { (:unordered { :) let $regionsG := if(not($regions[1] = 'Global')) then $regions else distinct-values(collection($collection)/scenario/world/*[@type='region']/@name) return for $scenario in $scenarios, $region in $regionsG let $scenario_split := tokenize($scenario, ' '), $currTree := collection($collection)/scenario[@name = $scenario_split[1] and @date = $scenario_split[2]]/world/*[@type='region' and @name=$region], $sector_emiss := $currTree/*[@type='sector' and not(@name='regional biomass' or @name='regional biomassOil' or @name='regional corn for ethanol' or @name='regional sugar for ethanol' or @name='regional sugarbeet for ethanol' or @name='regional woodpulp for energy')]//CO2[@type='GHG' (:collapse:) and @name='CO2']/emissions/text(), $currEmissSectors := $currTree/*[@type='sector' and (@name='regional biomass' or @name='regional biomassOil' or @name='regional corn for ethanol' or @name='regional sugar for ethanol' or @name='regional sugarbeet for ethanol' or @name='regional woodpulp for energy')], $coefs := local:generate-sector-output-coefs(distinct-values($currEmissSectors/@name), $currTree, (), false()), $downstream_emiss := for $sectorName in distinct-values($currEmissSectors/@name) return local:append-heirarchy($currTree, local:apply-coefs($sectorName, $currEmissSectors[@name=$sectorName]//CO2[@name='CO2' or @name='CO2_FUG']/emissions, $coefs))//text() return ($sector_emiss, $downstream_emiss ) (: } :) }; local:run-emiss-by-enduse(('KAIST_9_NZ_u0909 2026-30-9T23:02:09+09:00'), ('Global'), ()) 
In Function: 1790862293066
After Function: 1790862389735
Scenario KAIST_9_NZ_u0909 does not exist in this project.  Creating.
Read CO2 emissions by sector (excluding resource production) query
About to perform query: collection()/scenario
About to perform query: collection()/scenario[ (@name='KAIST_9_NZ_u0909' and @date='2026-30-9T23:02:09+09:00') ]/world/region/*[@type = 'sector']//*[@type = 'GHG' and (@name = 'CO2' or @name = 'CO2_FUG')]/emissions/node()
In Function: 1790862390889
After Function: 1790862396229
Scenario KAIST_9_NZ_u0909 does not exist in this project.  Creating.
Read CO2 emissions by region query
About to perform query: collection()/scenario
About to perform query: collection()/scenario[ (@name='KAIST_9_NZ_u0909' and @date='2026-30-9T23:02:09+09:00') ]/world/region/*[@type = 'sector' (:collapse:) or @type = 'resource' (:collapse:)](: / *[@type = 'subresource' (: collapse :)] :)//*[((@name='CO2' or @name = 'CO2_FUG'))]/emissions/node()
In Function: 1790862397212
After Function: 1790862403247
Scenario KAIST_9_NZ_u0909 does not exist in this project.  Creating.
Read CO2 emissions by tech (excluding resource production) query
About to perform query: collection()/scenario
About to perform query: collection()/scenario[ (@name='KAIST_9_NZ_u0909' and @date='2026-30-9T23:02:09+09:00') ]/world/region/*[@type = 'sector' ]/*[@type='subsector']/*[@type='technology']//*[@type = 'GHG' and (@name = 'CO2' or @name = 'CO2_FUG')]/emissions/node()
In Function: 1790862404032
After Function: 1790862409461
Scenario KAIST_9_NZ_u0909 does not exist in this project.  Creating.
Read CO2 sequestration by tech query
About to perform query: collection()/scenario
About to perform query: collection()/scenario[ (@name='KAIST_9_NZ_u0909' and @date='2026-30-9T23:02:09+09:00') ]/world/region/*[@type = 'sector' ]/*[@type='subsector']/*[@type='technology']//*[@type = 'GHG' and (@name = 'CO2' or @name = 'CO2_FUG')]/emissions-sequestered/node()
In Function: 1790862410537
After Function: 1790862415490
Scenario KAIST_9_NZ_u0909 does not exist in this project.  Creating.
Read CO2 concentrations query
About to perform query: collection()/scenario
About to perform query: collection()/scenario[ (@name='KAIST_9_NZ_u0909' and @date='2026-30-9T23:02:09+09:00') ]/world/climate-model/CO2-concentration/text()
In Function: 1790862416406
After Function: 1790862416438
Scenario KAIST_9_NZ_u0909 does not exist in this project.  Creating.
Read global mean temperature query
About to perform query: collection()/scenario
About to perform query: collection()/scenario[ (@name='KAIST_9_NZ_u0909' and @date='2026-30-9T23:02:09+09:00') ]/world/climate-model/global-mean-surface-temperature/text()
In Function: 1790862417080
After Function: 1790862417111
Scenario KAIST_9_NZ_u0909 does not exist in this project.  Creating.
Read total climate forcing query
About to perform query: collection()/scenario
About to perform query: collection()/scenario[ (@name='KAIST_9_NZ_u0909' and @date='2026-30-9T23:02:09+09:00') ]/world/climate-model/forcing-total/text()
In Function: 1790862417743
After Function: 1790862417765
Scenario KAIST_9_NZ_u0909 does not exist in this project.  Creating.
Read prices by sector query
About to perform query: collection()/scenario
About to perform query: collection()/scenario[ (@name='KAIST_9_NZ_u0909' and @date='2026-30-9T23:02:09+09:00') ]/world/region/*[@type = 'sector']/cost/text()
In Function: 1790862418330
After Function: 1790862419052
Scenario KAIST_9_NZ_u0909 does not exist in this project.  Creating.
Read costs by subsector query
About to perform query: collection()/scenario
About to perform query: collection()/scenario[ (@name='KAIST_9_NZ_u0909' and @date='2026-30-9T23:02:09+09:00') ]/world/region/*[@type='sector' and (local-name()!='AgSupplySector')]/*[@type = 'subsector']/cost/text()
In Function: 1790862420592
After Function: 1790862421669
Scenario KAIST_9_NZ_u0909 does not exist in this project.  Creating.
Read supply of all markets query
About to perform query: collection()/scenario
About to perform query: collection()/scenario[ (@name='KAIST_9_NZ_u0909' and @date='2026-30-9T23:02:09+09:00') ]/world/Marketplace/market[true()]/supply/node()
In Function: 1790862423207
After Function: 1790862424497
Scenario KAIST_9_NZ_u0909 does not exist in this project.  Creating.
Read prices of all markets query
About to perform query: collection()/scenario
About to perform query: collection()/scenario[ (@name='KAIST_9_NZ_u0909' and @date='2026-30-9T23:02:09+09:00') ]/world/Marketplace/market[true()]/price/node()
In Function: 1790862426347
After Function: 1790862427178
Scenario KAIST_9_NZ_u0909 does not exist in this project.  Creating.
Read inputs by sector query
About to perform query: collection()/scenario
About to perform query: collection()/scenario[ (@name='KAIST_9_NZ_u0909' and @date='2026-30-9T23:02:09+09:00') ]/world/region/*[@type='sector']//*[@type='input']/demand-physical/node()
In Function: 1790862429060
After Function: 1790862441639
Scenario KAIST_9_NZ_u0909 does not exist in this project.  Creating.
Read inputs by tech query
About to perform query: collection()/scenario
About to perform query: collection()/scenario[ (@name='KAIST_9_NZ_u0909' and @date='2026-30-9T23:02:09+09:00') ]/world/region/*[@type='sector']/*[@type='subsector']/*[@type='technology']/*[@type='input']/demand-physical/node()
In Function: 1790862447007
After Function: 1790862461199
Scenario KAIST_9_NZ_u0909 does not exist in this project.  Creating.
Read transport service output by mode query
About to perform query: collection()/scenario
About to perform query: collection()/scenario[ (@name='KAIST_9_NZ_u0909' and @date='2026-30-9T23:02:09+09:00') ]/world/region/*[@type='sector' and (@name='transportation' or (exists(child::keyword[@final-energy='transportation'])))]/ *[@type='subsector']//*[@type='output' (:collapse:) and not(@name='CAFEcredit')]/ physical-output/node()
In Function: 1790862472293
After Function: 1790862472814
Scenario KAIST_9_NZ_u0909 does not exist in this project.  Creating.
Read nonCO2 emissions by resource production query
About to perform query: collection()/scenario
About to perform query: collection()/scenario[ (@name='KAIST_9_NZ_u0909' and @date='2026-30-9T23:02:09+09:00') ]/world/region/*[@type = 'resource']//*[@type = 'GHG' and @name != 'CO2' and @name != 'CO2_FUG']/emissions/node()
In Function: 1790862473499
After Function: 1790862474030
Scenario KAIST_9_NZ_u0909 does not exist in this project.  Creating.
Read regional iron and steel sources query
About to perform query: collection()/scenario
About to perform query: collection()/scenario[ (@name='KAIST_9_NZ_u0909' and @date='2026-30-9T23:02:09+09:00') ]/world/region/*[@type='sector' and contains(@name, 'regional iron and steel')]/*[@type='subsector']//*[@type='input']/demand-physical/node()
In Function: 1790862474737
After Function: 1790862474900
Scenario KAIST_9_NZ_u0909 does not exist in this project.  Creating.
Read iron and steel prices query
About to perform query: collection()/scenario
About to perform query: collection()/scenario[ (@name='KAIST_9_NZ_u0909' and @date='2026-30-9T23:02:09+09:00') ]/world/region/*[@type='sector' and (@name='iron and steel')]/cost/text()
In Function: 1790862475512
After Function: 1790862475627
Scenario KAIST_9_NZ_u0909 does not exist in this project.  Creating.
Read traded iron and steel query
About to perform query: collection()/scenario
About to perform query: collection()/scenario[ (@name='KAIST_9_NZ_u0909' and @date='2026-30-9T23:02:09+09:00') ]/world/region/*[@type='sector' and contains(@name, 'traded iron and steel')]/*[@type='subsector']//*[@type='input']/demand-physical/node()
In Function: 1790862476257
After Function: 1790862476408
Scenario KAIST_9_NZ_u0909 does not exist in this project.  Creating.
Read chemical prices query
About to perform query: collection()/scenario
About to perform query: collection()/scenario[ (@name='KAIST_9_NZ_u0909' and @date='2026-30-9T23:02:09+09:00') ]/world/region/*[@type='sector' and (@name='chemical')]/cost/text()
In Function: 1790862477013
After Function: 1790862477170
Scenario KAIST_9_NZ_u0909 does not exist in this project.  Creating.
Read aluminum prices query
About to perform query: collection()/scenario
About to perform query: collection()/scenario[ (@name='KAIST_9_NZ_u0909' and @date='2026-30-9T23:02:09+09:00') ]/world/region/*[@type='sector' and (@name='aluminum')]/cost/text()
In Function: 1790862477786
After Function: 1790862477925
Scenario KAIST_9_NZ_u0909 does not exist in this project.  Creating.
Read paper prices query
About to perform query: collection()/scenario
About to perform query: collection()/scenario[ (@name='KAIST_9_NZ_u0909' and @date='2026-30-9T23:02:09+09:00') ]/world/region/*[@type='sector' and (@name='paper')]/cost/text()
In Function: 1790862478532
After Function: 1790862478677
Scenario KAIST_9_NZ_u0909 does not exist in this project.  Creating.
Read water withdrawals by subsector query
About to perform query: collection()/scenario
About to perform query: collection()/scenario[ (@name='KAIST_9_NZ_u0909' and @date='2026-30-9T23:02:09+09:00') ]/world/region/*[@type='sector' and not(contains(@name, 'water_td'))]/*[@type='subsector']//*[@type='input' (:collapse:) and contains(@name,'water_td') and ends-with(@name,'_W')]/demand-physical/node()
In Function: 1790862479273
After Function: 1790862485223
Scenario KAIST_9_NZ_u0909 does not exist in this project.  Creating.
Read water consumption by subsector query
About to perform query: collection()/scenario
About to perform query: collection()/scenario[ (@name='KAIST_9_NZ_u0909' and @date='2026-30-9T23:02:09+09:00') ]/world/region/*[@type='sector' and not(contains(@name, 'water_td'))]/*[@type='subsector']//*[@type='input' (:collapse:) and contains(@name,'water_td') and ends-with(@name,'_C')]/demand-physical/node()
In Function: 1790862486306
After Function: 1790862491965
Scenario KAIST_9_NZ_u0909 does not exist in this project.  Creating.
Read transport service output by tech and vintage query
About to perform query: collection()/scenario
About to perform query: collection()/scenario[ (@name='KAIST_9_NZ_u0909' and @date='2026-30-9T23:02:09+09:00') ]/world/region/*[@type='sector' and (@name='transportation' or (exists(child::keyword[@final-energy='transportation'])))]/ *[@type='subsector']/*[@type='technology']/*[@type='output' (:collapse:) and not (@name='CAFEcredit')]/ physical-output/node()
In Function: 1790862493074
After Function: 1790862493541
Scenario KAIST_9_NZ_u0909 does not exist in this project.  Creating.
Read capital investment demands by tech query
About to perform query: collection()/scenario
About to perform query: collection()/scenario[ (@name='KAIST_9_NZ_u0909' and @date='2026-30-9T23:02:09+09:00') ]/world/region/*[@type='sector']/*[@type = 'subsector']/*[@type = 'technology']/*[@type='input' (: collapse :)]/capital/text()
In Function: 1790862494271
After Function: 1790862498211
Scenario KAIST_9_NZ_u0909 does not exist in this project.  Creating.
Database scenarios:  KAIST_9_NZ_u0909
About to perform query: collection()/scenario
About to perform query: collection()/scenario[ (@name='KAIST_9_NZ_u0909' and @date='2026-30-9T23:02:09+09:00') ]/world/region/*[@type = 'sector']/*[@type = 'subsector']//*[@type = 'GHG' and (@name = 'BC' or @name = 'BC_AWB' or @name = 'C2F6' or @name = 'CF4' or @name = 'CH4' or @name = 'CH4_AGR' or @name = 'CH4_AWB' or @name = 'CO' or @name = 'CO_AWB' or @name = 'H2' or @name = 'H2_AWB' or @name = 'HFC125' or @name = 'HFC134a' or @name = 'HFC143a' or @name = 'HFC152a' or @name = 'HFC227ea' or @name = 'HFC23' or @name = 'HFC236fa' or @name = 'HFC245fa' or @name = 'HFC32' or @name = 'HFC365mfc')]/emissions/node()
In Function: 1790862500104
After Function: 1790862511824
Rows: 1250326 Columns: 8
── Column specification ────────────────────────────────────────────────────────
Delimiter: ","
chr (6): Units, scenario, region, sector, subsector, GHG
dbl (2): Year, value

ℹ Use `spec()` to retrieve the full column specification for this data.
ℹ Specify the column types or set `show_col_types = FALSE` to quiet this message.
Scenario KAIST_9_NZ_u0909 does not exist in this project.  Creating.
Database scenarios:  KAIST_9_NZ_u0909
About to perform query: collection()/scenario
About to perform query: collection()/scenario[ (@name='KAIST_9_NZ_u0909' and @date='2026-30-9T23:02:09+09:00') ]/world/region/*[@type = 'sector']/*[@type = 'subsector']//*[@type = 'GHG' and (@name = 'HFC43' or @name = 'N2O' or @name = 'N2O_AGR' or @name = 'N2O_AWB' or @name = 'NH3' or @name = 'NH3_AGR' or @name = 'NH3_AWB' or @name = 'NMVOC' or @name = 'NMVOC_AGR' or @name = 'NMVOC_AWB' or @name = 'NOx' or @name = 'NOx_AGR' or @name = 'NOx_AWB' or @name = 'OC' or @name = 'OC_AWB' or @name = 'PM10' or @name = 'PM2.5' or @name = 'SF6' or @name = 'SO2_1' or @name = 'SO2_1_AWB' or @name = 'SO2_2')]/emissions/node()
In Function: 1790862516691
After Function: 1790862533697
Rows: 2536038 Columns: 8
── Column specification ────────────────────────────────────────────────────────
Delimiter: ","
chr (6): Units, scenario, region, sector, subsector, GHG
dbl (2): Year, value

ℹ Use `spec()` to retrieve the full column specification for this data.
ℹ Specify the column types or set `show_col_types = FALSE` to quiet this message.
Scenario KAIST_9_NZ_u0909 does not exist in this project.  Creating.
Database scenarios:  KAIST_9_NZ_u0909
About to perform query: collection()/scenario
About to perform query: collection()/scenario[ (@name='KAIST_9_NZ_u0909' and @date='2026-30-9T23:02:09+09:00') ]/world/region/*[@type = 'sector']/*[@type = 'subsector']//*[@type = 'GHG' and (@name = 'SO2_2_AWB' or @name = 'SO2_3' or @name = 'SO2_3_AWB' or @name = 'SO2_4' or @name = 'SO2_4_AWB')]/emissions/node()
In Function: 1790862545037
After Function: 1790862553717
Rows: 203734 Columns: 8
── Column specification ────────────────────────────────────────────────────────
Delimiter: ","
chr (6): Units, scenario, region, sector, subsector, GHG
dbl (2): Year, value

ℹ Use `spec()` to retrieve the full column specification for this data.
ℹ Specify the column types or set `show_col_types = FALSE` to quiet this message.
Scenario KAIST_9_NZ_u0909 does not exist in this project.  Creating.
Scenario KAIST_9_NZ_u0909 does not exist in this project.  Creating.
Database scenarios:  KAIST_9_NZ_u0909
About to perform query: collection()/scenario
About to perform query: collection()/scenario[ (@name='KAIST_9_NZ_u0909' and @date='2026-30-9T23:02:09+09:00') ]/world/region/*[@type = 'sector' (:collapse:) or @type = 'resource' (:collapse:)](: / *[@type = 'subresource' (: collapse :)] :)// *[@type = 'GHG' and (@name = 'BC' or @name = 'BC_AWB' or @name = 'C2F6' or @name = 'CF4' or @name = 'CH4' or @name = 'CH4_AGR' or @name = 'CH4_AWB' or @name = 'CO' or @name = 'CO_AWB' or @name = 'H2' or @name = 'H2_AWB' or @name = 'HFC125' or @name = 'HFC134a' or @name = 'HFC143a' or @name = 'HFC152a' or @name = 'HFC227ea' or @name = 'HFC23' or @name = 'HFC236fa' or @name = 'HFC245fa' or @name = 'HFC32' or @name = 'HFC365mfc')]/emissions/node()
In Function: 1790862556098
After Function: 1790862567455
Rows: 1258282 Columns: 6
── Column specification ────────────────────────────────────────────────────────
Delimiter: ","
chr (4): Units, scenario, region, GHG
dbl (2): Year, value

ℹ Use `spec()` to retrieve the full column specification for this data.
ℹ Specify the column types or set `show_col_types = FALSE` to quiet this message.
Scenario KAIST_9_NZ_u0909 does not exist in this project.  Creating.
Database scenarios:  KAIST_9_NZ_u0909
About to perform query: collection()/scenario
About to perform query: collection()/scenario[ (@name='KAIST_9_NZ_u0909' and @date='2026-30-9T23:02:09+09:00') ]/world/region/*[@type = 'sector' (:collapse:) or @type = 'resource' (:collapse:)](: / *[@type = 'subresource' (: collapse :)] :)// *[@type = 'GHG' and (@name = 'HFC43' or @name = 'N2O' or @name = 'N2O_AGR' or @name = 'N2O_AWB' or @name = 'NH3' or @name = 'NH3_AGR' or @name = 'NH3_AWB' or @name = 'NMVOC' or @name = 'NMVOC_AGR' or @name = 'NMVOC_AWB' or @name = 'NOx' or @name = 'NOx_AGR' or @name = 'NOx_AWB' or @name = 'OC' or @name = 'OC_AWB' or @name = 'PM10' or @name = 'PM2.5' or @name = 'SF6' or @name = 'SO2_1' or @name = 'SO2_1_AWB' or @name = 'SO2_2')]/emissions/node()
In Function: 1790862570892
After Function: 1790862587562
Rows: 2550437 Columns: 6
── Column specification ────────────────────────────────────────────────────────
Delimiter: ","
chr (4): Units, scenario, region, GHG
dbl (2): Year, value

ℹ Use `spec()` to retrieve the full column specification for this data.
ℹ Specify the column types or set `show_col_types = FALSE` to quiet this message.
Scenario KAIST_9_NZ_u0909 does not exist in this project.  Creating.
Database scenarios:  KAIST_9_NZ_u0909
About to perform query: collection()/scenario
About to perform query: collection()/scenario[ (@name='KAIST_9_NZ_u0909' and @date='2026-30-9T23:02:09+09:00') ]/world/region/*[@type = 'sector' (:collapse:) or @type = 'resource' (:collapse:)](: / *[@type = 'subresource' (: collapse :)] :)// *[@type = 'GHG' and (@name = 'SO2_2_AWB' or @name = 'SO2_3' or @name = 'SO2_3_AWB' or @name = 'SO2_4' or @name = 'SO2_4_AWB')]/emissions/node()
In Function: 1790862592712
After Function: 1790862599541
Rows: 204696 Columns: 6
── Column specification ────────────────────────────────────────────────────────
Delimiter: ","
chr (4): Units, scenario, region, GHG
dbl (2): Year, value

ℹ Use `spec()` to retrieve the full column specification for this data.
ℹ Specify the column types or set `show_col_types = FALSE` to quiet this message.
Scenario KAIST_9_NZ_u0909 does not exist in this project.  Creating.
Scenario KAIST_9_NZ_u0909 does not exist in this project.  Creating.
rgcam project saved in C:/Users/pjhan/Desktop/git/iam_models/GCAM/gcamreport-integrated/gcamreport-temp/debug/case1_chemical_feedback_Sector/Input/u0909n_NZ_u0909.dat
Loading data, performing checks, and saving output...
[1] "biomass_shares"
[1] "ag_demand_clean"
[1] "ag_weights"
[1] "ag_price_wld"
[1] "ag_price_clean"
Joining with `by = join_by(scenario, region, sector, var, year)`
[1] "ag_production_clean"
[1] "capital_stock_clean"
[1] "capital_formation_clean"
[1] "nonbio_diff"
[1] "co2_emiss"
[1] "LUC_emiss"
[1] "co2_emissions_clean"
[1] "price_var"
[1] "regions.global"
[1] "co2_ets_bysec"
[1] "co2_price_share_bysec"
[1] "co2_price_fragmented"
[1] "co2_price_global"
[1] "co2_price_clean"
[1] "refliq_bioshare"
[1] "co2_sequestration_clean"
[1] "consumption_hh_clean"
[1] "secondary_solids"
[1] "secondary_energy_clean"
[1] "cf_iea"
[1] "elec_cf"
[1] "elec_capacity_add"
[1] "elec_capacity_add_clean"
[1] "elec_capacity_tot_clean"
[1] "elec_capital_clean"
[1] "elec_investment_clean"
[1] "population_clean"
[1] "pop_weights"
[1] "income_raw"
[1] "energy_expenditure_per_clean"
[1] "energy_price"
[1] "fe_sector"
[1] "fe_transportation"
[1] "fe_sector_clean"
[1] "primary_energy_clean"
[1] "energy_price_clean"
[1] "energy_service_transportation_clean"
[1] "food_weights"
[1] "food_expenditure_per_clean"
[1] "expenditure_per_clean"
[1] "fert_consumption_clean"
[1] "floor_space_clean"
[1] "food_availability_clean"
[1] "food_demand_clean"
[1] "food_intake_clean"
[1] "forcing_clean"
[1] "forestry_demand_clean"
Joining with `by = join_by(region, year)`
[1] "GDP_MER_clean"
[1] "GDP_PPP_clean"
[1] "global_temp_clean"
[1] "goods_trade_clean"
[1] "gov_revenue_clean"
[1] "gross_co2_emiss_clean"
[1] "hdd_cdd_clean"
[1] "industry_production_clean"
[1] "inequality_clean"
[1] "kyoto_gases_clean"
[1] "labor_clean"
[1] "land_clean"
[1] "f_gases_total"
[1] "nonco2_clean"
[1] "nonelec_investment_clean"
[1] "poverty_clean"
[1] "production_price_clean"
[1] "resource_extraction_clean"
[1] "resource_investment_clean"
[1] "total_investment_clean"
[1] "ag_trade"
[1] "pe_trade_prod"
[1] "pe_trade_supply"
[1] "pe_trade"
[1] "trade_clean"
[1] "trn_sales_clean"
[1] "trn_stock_clean"
[1] "water_consumption_clean"
[1] "water_withdrawals_clean"
[1] "yield_clean"
Standardized dataset saved in C:/Users/pjhan/Desktop/git/iam_models/GCAM/gcamreport-integrated/gcamreport-temp/debug/case1_chemical_feedback_Sector/Input/reports_u0909/NZ_u0909.csv
Standardized dataset saved in C:/Users/pjhan/Desktop/git/iam_models/GCAM/gcamreport-integrated/gcamreport-temp/debug/case1_chemical_feedback_Sector/Input/reports_u0909/NZ_u0909.xlsx
Saving 7 x 7 in image
Vetting summary:
[1] "Inf variables: OK"
[1] "NA variables: OK"
[1] "Vetting variables: Vetting only performed on some variables"
To view the summary details, type:
  - `vetting_summary$`Inf variables` to check for Inf values
  - `vetting_summary$`NA variables` to check for NA values
  - `vetting_summary$`Vetting variables` to check with historical values

You can find a supporting vetting figure in: `output/figure/vetting.tiff`
==============================================================
처리 완료: KAIST_9_NZ_u0909
There were 50 or more warnings (use warnings() to see the first 50)
두 시나리오 후처리 완료
